source,isbn,title,author,listing_price,shipping_price,total_price,currency,condition,rating,review_count,url,scrape_time_utc
abebooks,9780486227818,,E. A. Wallis Budge,10.3,,10.3,USD,,,,,2025-12-15T20:32:08.841523+00:00
abebooks,9780486227818,,E. A. Wallis Budge,6.57,,6.57,USD,,,,,2025-12-15T20:32:08.841523+00:00
abebooks,9780486227818,,E. A. Wallis Budge,6.57,,6.57,USD,,,,,2025-12-15T20:32:08.841523+00:00
abebooks,9780486227818,,E. A. Wallis Budge,6.57,,6.57,USD,,,,,2025-12-15T20:32:08.841523+00:00
abebooks,9780486227818,,E. A. Wallis Budge,10.35,,10.35,USD,,,,,2025-12-15T20:32:08.841523+00:00
abebooks,9780486227818,,"Budge, Ernest Alfred Wallis",11.33,,11.33,USD,,,,,2025-12-15T20:32:08.841523+00:00
abebooks,9780486227818,,"A. Wallis, Sir E.",6.11,,6.11,USD,,,,,2025-12-15T20:32:08.841523+00:00
abebooks,9780486227818,,E. A. Wallis Budge,10.0,,10.0,USD,,,,,2025-12-15T20:32:08.841523+00:00
abebooks,9780486227818,,E. A. Wallis Budge,23.0,,23.0,USD,,,,,2025-12-15T20:32:08.841523+00:00
abebooks,9780486227818,,"Budge, E. A. Wallis",23.78,,23.78,USD,,,,,2025-12-15T20:32:08.841523+00:00
abebooks,9780486227818,,-,22.6,,22.6,USD,,,,,2025-12-15T20:32:08.841523+00:00
abebooks,9780486227818,,-,22.6,,22.6,USD,,,,,2025-12-15T20:32:08.841523+00:00
abebooks,9780486227818,,E. A. Wallis Budge,25.0,,25.0,USD,,,,,2025-12-15T20:32:08.841523+00:00
abebooks,9780486227818,Save 15%,"Budge, E. A. Wallis",39.2,,39.2,USD,,,,https://www.abebooks.com/first-edition/Osiris-Egyptian-resurrection-volume-2-Budge/31288334413/bd,2025-12-15T20:32:08.841523+00:00
abebooks,9780486227818,,"Budge, E. A. Wallis",25.39,,25.39,USD,,,,,2025-12-15T20:32:08.841523+00:00
abebooks,9780486227818,,Sir E. A. Wallis Budge,32.92,,32.92,USD,,,,,2025-12-15T20:32:08.841523+00:00
abebooks,9780486227818,,"WALLIS BUDGE, E.A.",22.97,,22.97,USD,,,,,2025-12-15T20:32:08.841523+00:00
abebooks,9780486227818,,Sir E. A. Wallis Budge,44.42,,44.42,USD,,,,,2025-12-15T20:32:08.841523+00:00
abebooks,9780486227818,,"Wallis Budge, E.A.",13.3,,13.3,USD,,,,,2025-12-15T20:32:08.841523+00:00
abebooks,9780486227818,,E. A. Wallis Budge,77.63,,77.63,USD,,,,,2025-12-15T20:32:08.841523+00:00
abebooks,9780099537878,,Ellroy James,11.69,,11.69,USD,,,,,2025-12-15T20:32:10.207137+00:00
abebooks,9780099537878,,Ellroy James,12.39,,12.39,USD,,,,,2025-12-15T20:32:10.207137+00:00
abebooks,9780099537878,,James Ellroy,15.31,,15.31,USD,,,,,2025-12-15T20:32:10.207137+00:00
abebooks,9780099537878,,James Ellroy,20.86,,20.86,USD,,,,,2025-12-15T20:32:10.207137+00:00
abebooks,9780099537878,,James Ellroy,14.57,,14.57,USD,,,,,2025-12-15T20:32:10.207137+00:00
abebooks,9780099537878,,James Ellroy,14.57,,14.57,USD,,,,,2025-12-15T20:32:10.207137+00:00
abebooks,9780099537878,,James Ellroy,22.43,,22.43,USD,,,,,2025-12-15T20:32:10.207137+00:00
abebooks,9780099537878,,"ELLROY,JAMES",14.52,,14.52,USD,,,,,2025-12-15T20:32:10.207137+00:00
abebooks,9780099537878,,"Ellroy, James",16.77,,16.77,USD,,,,,2025-12-15T20:32:10.207137+00:00
abebooks,9780099537878,,"Ellroy, James",18.33,,18.33,USD,,,,,2025-12-15T20:32:10.207137+00:00
abebooks,9780099537878,,"Ellroy, J.",13.45,,13.45,USD,,,,,2025-12-15T20:32:10.207137+00:00
abebooks,9780099537878,,Ellroy James,16.35,,16.35,USD,,,,,2025-12-15T20:32:10.207137+00:00
abebooks,9780099537878,,James Ellroy,12.19,,12.19,USD,,,,,2025-12-15T20:32:10.207137+00:00
abebooks,9780099537878,,Ellroy James,22.23,,22.23,USD,,,,,2025-12-15T20:32:10.207137+00:00
abebooks,9780099537878,,"Ellroy, James",15.29,,15.29,USD,,,,,2025-12-15T20:32:10.207137+00:00
abebooks,9780099537878,,"Ellroy, James",17.75,,17.75,USD,,,,,2025-12-15T20:32:10.207137+00:00
abebooks,9780099537878,,James Ellroy,18.85,,18.85,USD,,,,,2025-12-15T20:32:10.207137+00:00
abebooks,9780099537878,,James Ellroy,17.29,,17.29,USD,,,,,2025-12-15T20:32:10.207137+00:00
abebooks,9780099537878,,James Ellroy,17.29,,17.29,USD,,,,,2025-12-15T20:32:10.207137+00:00
abebooks,9780099537878,,"ELLROY, JAMES",14.62,,14.62,USD,,,,,2025-12-15T20:32:10.207137+00:00
abebooks,9780099537878,,James Ellroy,35.2,,35.2,USD,,,,,2025-12-15T20:32:10.207137+00:00
abebooks,9780099537878,,James Ellroy,22.7,,22.7,USD,,,,,2025-12-15T20:32:10.207137+00:00
abebooks,9780099537878,,"Ellroy, James",20.85,,20.85,USD,,,,,2025-12-15T20:32:10.207137+00:00
abebooks,9780099537878,,James Ellroy,17.82,,17.82,USD,,,,,2025-12-15T20:32:10.207137+00:00
abebooks,9780099537878,,James Ellroy,15.66,,15.66,USD,,,,,2025-12-15T20:32:10.207137+00:00
abebooks,9781169232495,,"Dickens, Charles",60.45,,60.45,USD,,,,,2025-12-15T20:32:12.725791+00:00
abebooks,9781169232495,,Charles Dickens,43.4,,43.4,USD,,,,,2025-12-15T20:32:12.725791+00:00
abebooks,9780448448862,,"Pascal, Janet B.",3.85,,3.85,USD,,,,,2025-12-15T20:32:16.593379+00:00
abebooks,9780448448862,,"Pascal, Janet B.",3.85,,3.85,USD,,,,,2025-12-15T20:32:16.593379+00:00
abebooks,9780448448862,,"Pascal, Janet B. ; Who HQ",3.87,,3.87,USD,,,,,2025-12-15T20:32:16.593379+00:00
abebooks,9780448448862,,"Pascal, Janet B. ; Who HQ",3.87,,3.87,USD,,,,,2025-12-15T20:32:16.593379+00:00
abebooks,9780448448862,,"Pascal, Janet B. ; Who HQ",3.87,,3.87,USD,,,,,2025-12-15T20:32:16.593379+00:00
abebooks,9780448448862,,"Pascal, Janet B. ; Who HQ",3.87,,3.87,USD,,,,,2025-12-15T20:32:16.593379+00:00
abebooks,9780448448862,,"Pascal, Janet B. ; Who HQ",3.87,,3.87,USD,,,,,2025-12-15T20:32:16.593379+00:00
abebooks,9780448448862,,"Pascal, Janet B. ; Who HQ",4.48,,4.48,USD,,,,,2025-12-15T20:32:16.593379+00:00
abebooks,9780448448862,,"Pascal, Janet B.,Who HQ",1.5,,1.5,USD,,,,,2025-12-15T20:32:16.593379+00:00
abebooks,9780448448862,,"Pascal, Janet B.,Who HQ",1.0,,1.0,USD,,,,,2025-12-15T20:32:16.593379+00:00
abebooks,9780448448862,,"Harrison, Nancy, O'Brien, John",1.0,,1.0,USD,,,,,2025-12-15T20:32:16.593379+00:00
abebooks,9780448448862,,"Pascal, Janet B. ; Who HQ",5.02,,5.02,USD,,,,,2025-12-15T20:32:16.593379+00:00
abebooks,9780448448862,,"Pascal, Janet B. ; Who HQ",5.16,,5.16,USD,,,,,2025-12-15T20:32:16.593379+00:00
abebooks,9780448448862,,"Pascal, Janet B. ; Who HQ",2.25,,2.25,USD,,,,,2025-12-15T20:32:16.593379+00:00
abebooks,9780448448862,,"Pascal, Janet B. ; Who HQ",5.76,,5.76,USD,,,,,2025-12-15T20:32:16.593379+00:00
abebooks,9780448448862,,"Pascal, Janet B. ; Who HQ",5.76,,5.76,USD,,,,,2025-12-15T20:32:16.593379+00:00
abebooks,9780448448862,,"Who HQ,Pascal, Janet B.",2.49,,2.49,USD,,,,,2025-12-15T20:32:16.593379+00:00
abebooks,9780448448862,,"Pascal, Janet B., Who HQ",5.99,,5.99,USD,,,,,2025-12-15T20:32:16.593379+00:00
abebooks,9780448448862,,"Pascal, Janet B., Who HQ",5.99,,5.99,USD,,,,,2025-12-15T20:32:16.593379+00:00
abebooks,9780448448862,,"Pascal, Janet B. ; Who HQ",1.06,,1.06,USD,,,,,2025-12-15T20:32:16.593379+00:00
abebooks,9780448448862,,"Pascal, Janet B. ; Who HQ",6.09,,6.09,USD,,,,,2025-12-15T20:32:16.593379+00:00
abebooks,9780448448862,,"Who HQ,Pascal, Janet B.",2.49,,2.49,USD,,,,,2025-12-15T20:32:16.593379+00:00
abebooks,9780448448862,,"Who HQ,Pascal, Janet B.",2.49,,2.49,USD,,,,,2025-12-15T20:32:16.593379+00:00
abebooks,9780448448862,,"Who HQ,Pascal, Janet B.",2.49,,2.49,USD,,,,,2025-12-15T20:32:16.593379+00:00
abebooks,9780448448862,,"Who HQ,Pascal, Janet B.",2.49,,2.49,USD,,,,,2025-12-15T20:32:16.593379+00:00
abebooks,9780394747095,,Jean-Paul Sartre,4.5,,4.5,USD,,,,,2025-12-15T20:32:20.032151+00:00
abebooks,9780394747095,,Jean-Paul Sartre,5.17,,5.17,USD,,,,,2025-12-15T20:32:20.032151+00:00
abebooks,9780394747095,,Jean-Paul Sartre,5.57,,5.57,USD,,,,,2025-12-15T20:32:20.032151+00:00
abebooks,9780394747095,,"Sartre, Jean-Paul",6.39,,6.39,USD,,,,,2025-12-15T20:32:20.032151+00:00
abebooks,9780394747095,,"Sartre, Jean-Paul",6.39,,6.39,USD,,,,,2025-12-15T20:32:20.032151+00:00
abebooks,9780394747095,,"Sartre, Jean-Paul",6.39,,6.39,USD,,,,,2025-12-15T20:32:20.032151+00:00
abebooks,9780394747095,,"Sartre, Jean-Paul",6.39,,6.39,USD,,,,,2025-12-15T20:32:20.032151+00:00
abebooks,9780394747095,,"Sartre, Jean-Paul",6.39,,6.39,USD,,,,,2025-12-15T20:32:20.032151+00:00
abebooks,9780394747095,,"Sartre, Jean-Paul",6.39,,6.39,USD,,,,,2025-12-15T20:32:20.032151+00:00
abebooks,9780394747095,,Jean-Paul Sartre,6.75,,6.75,USD,,,,,2025-12-15T20:32:20.032151+00:00
abebooks,9780394747095,,Jean-Paul Sartre,4.79,,4.79,USD,,,,,2025-12-15T20:32:20.032151+00:00
abebooks,9780394747095,,"Sartre, Jean Paul",9.17,,9.17,USD,,,,,2025-12-15T20:32:20.032151+00:00
abebooks,9780394747095,,"Sartre, Jean Paul",9.17,,9.17,USD,,,,,2025-12-15T20:32:20.032151+00:00
abebooks,9780394747095,,Jean-Paul Sartre,5.99,,5.99,USD,,,,,2025-12-15T20:32:20.032151+00:00
abebooks,9780394747095,,Jean-Paul Sartre,5.99,,5.99,USD,,,,,2025-12-15T20:32:20.032151+00:00
abebooks,9780394747095,,Jean-Paul Sartre,6.39,,6.39,USD,,,,,2025-12-15T20:32:20.032151+00:00
abebooks,9780394747095,,Jean-Paul Sartre,10.5,,10.5,USD,,,,,2025-12-15T20:32:20.032151+00:00
abebooks,9780394747095,,Jean-Paul Sartre,9.33,,9.33,USD,,,,,2025-12-15T20:32:20.032151+00:00
abebooks,9780394747095,,Jean-Paul Sartre,14.86,,14.86,USD,,,,,2025-12-15T20:32:20.032151+00:00
abebooks,9780394747095,,"Sartre, Jean-Paul",12.59,,12.59,USD,,,,,2025-12-15T20:32:20.032151+00:00
abebooks,9780394747095,,Jean-Paul Sartre,15.91,,15.91,USD,,,,,2025-12-15T20:32:20.032151+00:00
abebooks,9780394747095,,"Jean-Paul Sartre, (Translator) Bernard Frechtman",13.95,,13.95,USD,,,,,2025-12-15T20:32:20.032151+00:00
abebooks,9780394747095,,"SARTRE, JEAN-PAUL",14.77,,14.77,USD,,,,,2025-12-15T20:32:20.032151+00:00
abebooks,9780394747095,,"SARTRE, JEAN-PAUL",14.87,,14.87,USD,,,,,2025-12-15T20:32:20.032151+00:00
abebooks,9780394747095,,Sartre Jean-Paul,18.11,,18.11,USD,,,,,2025-12-15T20:32:20.032151+00:00
abebooks,9781789430905,,-,21.04,,21.04,USD,,,,,2025-12-15T20:32:23.435812+00:00
abebooks,9781789430905,,-,21.04,,21.04,USD,,,,,2025-12-15T20:32:23.435812+00:00
abebooks,9780140364545,,Philippa Pearce,6.56,,6.56,USD,,,,,2025-12-15T20:32:24.722000+00:00
abebooks,9780140364545,,Edith,6.88,,6.88,USD,,,,,2025-12-15T20:32:24.722000+00:00
abebooks,9780140364545,,Edith,6.88,,6.88,USD,,,,,2025-12-15T20:32:24.722000+00:00
abebooks,9780140364545,,"Philippa Pearce, Barbara Brown, Julia Eccle Share",3.65,,3.65,USD,,,,,2025-12-15T20:32:24.722000+00:00
abebooks,9780140364545,,"Pearce, Philippa",3.09,,3.09,USD,,,,,2025-12-15T20:32:24.722000+00:00
abebooks,9780140364545,,"Pearce, Philippa",3.09,,3.09,USD,,,,,2025-12-15T20:32:24.722000+00:00
abebooks,9780140364545,,"Philippa Pearce, Barbara Brown, Julia Eccle Share",3.65,,3.65,USD,,,,,2025-12-15T20:32:24.722000+00:00
abebooks,9780140364545,,Edith,6.1,,6.1,USD,,,,,2025-12-15T20:32:24.722000+00:00
abebooks,9780140364545,,Edith,6.1,,6.1,USD,,,,,2025-12-15T20:32:24.722000+00:00
abebooks,9780140364545,,"Pearce, Philippa",5.51,,5.51,USD,,,,,2025-12-15T20:32:24.722000+00:00
abebooks,9780140364545,,"Pearce, Philippa",5.44,,5.44,USD,,,,,2025-12-15T20:32:24.722000+00:00
abebooks,9780140364545,,"Share, Julia Eccle ; Pearce,.",1.99,,1.99,USD,,,,,2025-12-15T20:32:24.722000+00:00
abebooks,9780140364545,,Philippa Pearce,4.93,,4.93,USD,,,,,2025-12-15T20:32:24.722000+00:00
abebooks,9780140364545,,Philippa Pearce,4.33,,4.33,USD,,,,,2025-12-15T20:32:24.722000+00:00
abebooks,9780140364545,,Philippa Pearce,6.98,,6.98,USD,,,,,2025-12-15T20:32:24.722000+00:00
abebooks,9780140364545,Save 10%,"Pearce, Philippa",10.33,,10.33,USD,,,,https://www.abebooks.com/Toms-Midnight-Garden-Puffin-Modern-Classics/31836727974/bd,2025-12-15T20:32:24.722000+00:00
abebooks,9780140059052,,D. H. Lawrence,6.79,,6.79,USD,,,,,2025-12-15T20:32:26.076138+00:00
abebooks,9780140059052,,-,10.19,,10.19,USD,,,,,2025-12-15T20:32:26.076138+00:00
abebooks,9780140059052,,David Herbert Lawrence,17.68,,17.68,USD,,,,,2025-12-15T20:32:26.076138+00:00
abebooks,9780425195208,,"Braun, Lilian Jackson",6.85,,6.85,USD,,,,,2025-12-15T20:32:27.374440+00:00
abebooks,9780425195208,,Lilian Jackson Braun,6.86,,6.86,USD,,,,,2025-12-15T20:32:27.374440+00:00
abebooks,9780425195208,,Lilian Jackson Braun,6.86,,6.86,USD,,,,,2025-12-15T20:32:27.374440+00:00
abebooks,9780425195208,,Lilian Jackson Braun,6.86,,6.86,USD,,,,,2025-12-15T20:32:27.374440+00:00
abebooks,9780425195208,,Lilian Jackson Braun,6.86,,6.86,USD,,,,,2025-12-15T20:32:27.374440+00:00
abebooks,9780425195208,,Lilian Jackson Braun,6.86,,6.86,USD,,,,,2025-12-15T20:32:27.374440+00:00
abebooks,9780425195208,,Lilian Jackson Braun,6.86,,6.86,USD,,,,,2025-12-15T20:32:27.374440+00:00
abebooks,9780425195208,,Lilian Jackson Braun,6.86,,6.86,USD,,,,,2025-12-15T20:32:27.374440+00:00
abebooks,9780425195208,,Lilian Jackson Braun,6.86,,6.86,USD,,,,,2025-12-15T20:32:27.374440+00:00
abebooks,9780425195208,,"Braun, Lilian Jackson",7.11,,7.11,USD,,,,,2025-12-15T20:32:27.374440+00:00
abebooks,9780425195208,,"Braun, Lilian Jackson",66.99,,66.99,USD,,,,,2025-12-15T20:32:27.374440+00:00
abebooks,9780425195208,,"Braun, Lilian Jackson",66.3,,66.3,USD,,,,,2025-12-15T20:32:27.374440+00:00
abebooks,9780425195208,,"Braun, Lilian Jackson",75.31,,75.31,USD,,,,,2025-12-15T20:32:27.374440+00:00
abebooks,9781015437890,,"Dumas, Alexandre",27.2,,27.2,USD,,,,,2025-12-15T20:32:28.860449+00:00
abebooks,9781015437890,,"Dumas, Alexandre",29.85,,29.85,USD,,,,,2025-12-15T20:32:28.860449+00:00
abebooks,9781015437890,,"Dumas, Alexandre ; Bernhardt, Sarah",32.0,,32.0,USD,,,,,2025-12-15T20:32:28.860449+00:00
abebooks,9781015437890,,"Dumas, Alexandre",31.21,,31.21,USD,,,,,2025-12-15T20:32:28.860449+00:00
abebooks,9781015437890,,"Dumas, Alexandre",33.93,,33.93,USD,,,,,2025-12-15T20:32:28.860449+00:00
abebooks,9781015437890,,"Dumas, Alexandre",37.26,,37.26,USD,,,,,2025-12-15T20:32:28.860449+00:00
abebooks,9781015437890,,"Dumas, Alexandre|Bernhardt, Sarah",41.76,,41.76,USD,,,,,2025-12-15T20:32:28.860449+00:00
abebooks,9781015437890,,Alexandre Dumas,51.55,,51.55,USD,,,,,2025-12-15T20:32:28.860449+00:00
abebooks,9781015437890,,"Dumas, Alexandre ; Bernhardt, Sarah",35.3,,35.3,USD,,,,,2025-12-15T20:32:28.860449+00:00
abebooks,9781015437890,,"Dumas, Alexandre ; Bernhardt, Sarah",33.94,,33.94,USD,,,,,2025-12-15T20:32:28.860449+00:00
abebooks,9781015437890,,Alexandre Dumas,38.93,,38.93,USD,,,,,2025-12-15T20:32:28.860449+00:00
abebooks,9781781805800,,Gregg Braden,19.32,,19.32,USD,,,,,2025-12-15T20:32:42.188329+00:00
abebooks,9781781805800,,Gregg Braden,20.52,,20.52,USD,,,,,2025-12-15T20:32:42.188329+00:00
abebooks,9781781805800,,Gregg Braden,20.53,,20.53,USD,,,,,2025-12-15T20:32:42.188329+00:00
abebooks,9781781805800,,Gregg Braden,15.56,,15.56,USD,,,,,2025-12-15T20:32:42.188329+00:00
abebooks,9781781805800,,Gregg Braden,15.8,,15.8,USD,,,,,2025-12-15T20:32:42.188329+00:00
abebooks,9781781805800,,Gregg Braden,15.8,,15.8,USD,,,,,2025-12-15T20:32:42.188329+00:00
abebooks,9781781805800,,Gregg Braden,18.0,,18.0,USD,,,,,2025-12-15T20:32:42.188329+00:00
abebooks,9781781805800,,Gregg Braden,25.38,,25.38,USD,,,,,2025-12-15T20:32:42.188329+00:00
abebooks,9781781805800,,"BRADEN,GREGG",17.1,,17.1,USD,,,,,2025-12-15T20:32:42.188329+00:00
abebooks,9781781805800,,Gregg Braden,18.23,,18.23,USD,,,,,2025-12-15T20:32:42.188329+00:00
abebooks,9781781805800,,Gregg Braden,14.01,,14.01,USD,,,,,2025-12-15T20:32:42.188329+00:00
abebooks,9781781805800,,"Braden, Gregg",15.55,,15.55,USD,,,,,2025-12-15T20:32:42.188329+00:00
abebooks,9781781805800,,"Braden, Gregg",13.89,,13.89,USD,,,,,2025-12-15T20:32:42.188329+00:00
abebooks,9781781805800,,Gregg Braden,24.57,,24.57,USD,,,,,2025-12-15T20:32:42.188329+00:00
abebooks,9781781805800,,Gregg Braden,18.85,,18.85,USD,,,,,2025-12-15T20:32:42.188329+00:00
abebooks,9781781805800,,"Braden, Gregg",20.18,,20.18,USD,,,,,2025-12-15T20:32:42.188329+00:00
abebooks,9781781805800,,Gregg Braden,41.89,,41.89,USD,,,,,2025-12-15T20:32:42.188329+00:00
abebooks,9781781805800,,Gregg Braden,47.17,,47.17,USD,,,,,2025-12-15T20:32:42.188329+00:00
abebooks,9781781805800,,Wisdom Codes : Ancient Words to Rewire Our Brains and Heal Our Hearts,10.41,,10.41,USD,,,,,2025-12-15T20:32:42.188329+00:00
abebooks,9781781805800,,Gregg Braden,17.89,,17.89,USD,,,,,2025-12-15T20:32:42.188329+00:00
abebooks,9781781805800,,Gregg Braden,32.21,,32.21,USD,,,,,2025-12-15T20:32:42.188329+00:00
abebooks,9781781805800,,"BRADEN, GREGG",15.84,,15.84,USD,,,,,2025-12-15T20:32:42.188329+00:00
abebooks,9781781805800,,"Braden, Gregg",23.18,,23.18,USD,,,,,2025-12-15T20:32:42.188329+00:00
abebooks,9781781805800,,Gregg Braden,20.55,,20.55,USD,,,,,2025-12-15T20:32:42.188329+00:00
abebooks,9781781805800,,Gregg Braden,17.58,,17.58,USD,,,,,2025-12-15T20:32:42.188329+00:00
abebooks,9781019494950,,"Jewitt, John Rodgers",34.2,,34.2,USD,,,,,2025-12-15T20:32:43.545080+00:00
abebooks,9781019494950,,"Jewitt, John Rodgers",36.85,,36.85,USD,,,,,2025-12-15T20:32:43.545080+00:00
abebooks,9781019494950,,"Jewitt, John Rodgers ; Alsop, Richard",38.0,,38.0,USD,,,,,2025-12-15T20:32:43.545080+00:00
abebooks,9781019494950,,"Jewitt, John Rodgers",38.57,,38.57,USD,,,,,2025-12-15T20:32:43.545080+00:00
abebooks,9781019494950,,"Jewitt, John Rodgers",38.97,,38.97,USD,,,,,2025-12-15T20:32:43.545080+00:00
abebooks,9781019494950,,"Jewitt, John Rodgers",42.62,,42.62,USD,,,,,2025-12-15T20:32:43.545080+00:00
abebooks,9781019494950,,"Jewitt, John Rodgers ; Alsop, Richard",59.65,,59.65,USD,,,,,2025-12-15T20:32:43.545080+00:00
abebooks,9781019494950,,John Rodgers Jewitt,60.24,,60.24,USD,,,,,2025-12-15T20:32:43.545080+00:00
abebooks,9781019494950,,John Rodgers Jewitt,42.12,,42.12,USD,,,,,2025-12-15T20:32:43.545080+00:00
abebooks,9781019494950,,John Rodgers Jewitt,38.98,,38.98,USD,,,,,2025-12-15T20:32:43.545080+00:00
abebooks,9781019494950,,John Rodgers Jewitt,44.55,,44.55,USD,,,,,2025-12-15T20:32:43.545080+00:00
abebooks,9781019494950,,"Jewitt, John Rodgers ; Alsop, Richard",58.47,,58.47,USD,,,,,2025-12-15T20:32:43.545080+00:00
abebooks,9781019494950,,"Jewitt, John Rodgers ; Alsop, Richard",64.31,,64.31,USD,,,,,2025-12-15T20:32:43.545080+00:00
abebooks,9780008195649,,Baum,4.42,,4.42,USD,,,,,2025-12-15T20:32:49.354601+00:00
abebooks,9780008195649,,"Baum, L. Frank",8.99,,8.99,USD,,,,,2025-12-15T20:32:49.354601+00:00
abebooks,9780008195649,,"Baum, L. Frank",11.32,,11.32,USD,,,,,2025-12-15T20:32:49.354601+00:00
abebooks,9780008195649,,L. Frank Baum,13.97,,13.97,USD,,,,,2025-12-15T20:32:49.354601+00:00
abebooks,9780008195649,,"Baum, L. Frank",9.13,,9.13,USD,,,,,2025-12-15T20:32:49.354601+00:00
abebooks,9780008195649,,L. Frank Baum,14.86,,14.86,USD,,,,,2025-12-15T20:32:49.354601+00:00
abebooks,9780008195649,,L. Frank Baum,13.87,,13.87,USD,,,,,2025-12-15T20:32:49.354601+00:00
abebooks,9780008195649,,L. Frank Baum,15.8,,15.8,USD,,,,,2025-12-15T20:32:49.354601+00:00
abebooks,9780008195649,,"Baum, L. Frank",13.47,,13.47,USD,,,,,2025-12-15T20:32:49.354601+00:00
abebooks,9780008195649,,"Baum, L. Frank",15.79,,15.79,USD,,,,,2025-12-15T20:32:49.354601+00:00
abebooks,9780008195649,,L. Frank Baum,23.39,,23.39,USD,,,,,2025-12-15T20:32:49.354601+00:00
abebooks,9780008195649,,L. Frank Baum,17.19,,17.19,USD,,,,,2025-12-15T20:32:49.354601+00:00
abebooks,9780008195649,,L. Frank Baum,20.83,,20.83,USD,,,,,2025-12-15T20:32:49.354601+00:00
abebooks,9780712610469,,"Meadows, Kenneth",21.02,,21.02,USD,,,,,2025-12-15T20:32:50.655712+00:00
abebooks,9780712610469,,"Meadows, Kenneth",21.03,,21.03,USD,,,,,2025-12-15T20:32:50.655712+00:00
abebooks,9780712610469,,-,19.02,,19.02,USD,,,,,2025-12-15T20:32:50.655712+00:00
abebooks,9780712610469,,-,19.08,,19.08,USD,,,,,2025-12-15T20:32:50.655712+00:00
abebooks,9780712610469,,"Meadows, Kenneth",20.44,,20.44,USD,,,,,2025-12-15T20:32:50.655712+00:00
abebooks,9780712610469,,Kenneth Meadows,35.61,,35.61,USD,,,,,2025-12-15T20:32:50.655712+00:00
abebooks,9780712610469,,"Meadows, Kenneth",39.78,,39.78,USD,,,,,2025-12-15T20:32:50.655712+00:00
abebooks,9780712610469,,"Meadows, Kenneth",30.29,,30.29,USD,,,,,2025-12-15T20:32:50.655712+00:00
abebooks,9780712610469,,"Meadows, Kenneth",121.15,,121.15,USD,,,,,2025-12-15T20:32:50.655712+00:00
abebooks,9780712610469,,"Meadows, Kenneth",248.3,,248.3,USD,,,,,2025-12-15T20:32:50.655712+00:00
abebooks,9781529017205,,Julia Donaldson,8.12,,8.12,USD,,,,,2025-12-15T20:32:54.171666+00:00
abebooks,9781529017205,,"Donaldson, Julia",1.84,,1.84,USD,,,,,2025-12-15T20:32:54.171666+00:00
abebooks,9781529017205,,"Donaldson, Julia",2.03,,2.03,USD,,,,,2025-12-15T20:32:54.171666+00:00
abebooks,9781529017205,,"Donaldson, Julia",2.27,,2.27,USD,,,,,2025-12-15T20:32:54.171666+00:00
abebooks,9781529017205,,Julia Donaldson,2.47,,2.47,USD,,,,,2025-12-15T20:32:54.171666+00:00
abebooks,9781529017205,,Julia Donaldson,2.47,,2.47,USD,,,,,2025-12-15T20:32:54.171666+00:00
abebooks,9781529017205,,"Donaldson, Julia",4.87,,4.87,USD,,,,,2025-12-15T20:32:54.171666+00:00
abebooks,9781529017205,,Julia Donaldson,10.83,,10.83,USD,,,,,2025-12-15T20:32:54.171666+00:00
abebooks,9781529017205,,Donaldson Julia,6.78,,6.78,USD,,,,,2025-12-15T20:32:54.171666+00:00
abebooks,9781529017205,,"Julia Donaldson, Axel Scheffler",11.87,,11.87,USD,,,,,2025-12-15T20:32:54.171666+00:00
abebooks,9781529017205,,"Donaldson, Julia",3.23,,3.23,USD,,,,,2025-12-15T20:32:54.171666+00:00
abebooks,9781529017205,,Donaldson Julia,8.83,,8.83,USD,,,,,2025-12-15T20:32:54.171666+00:00
abebooks,9781529017205,,"Julia Donaldson, Axel Scheffler",11.87,,11.87,USD,,,,,2025-12-15T20:32:54.171666+00:00
abebooks,9781529017205,,"Donaldson, Julia",6.94,,6.94,USD,,,,,2025-12-15T20:32:54.171666+00:00
abebooks,9781529017205,,"Donaldson, Julia",4.95,,4.95,USD,,,,,2025-12-15T20:32:54.171666+00:00
abebooks,9781529017205,,"Donaldson, Julia",4.93,,4.93,USD,,,,,2025-12-15T20:32:54.171666+00:00
abebooks,9781529017205,,"Donaldson, Julia",4.93,,4.93,USD,,,,,2025-12-15T20:32:54.171666+00:00
abebooks,9781529017205,,"Donaldson, Julia",4.95,,4.95,USD,,,,,2025-12-15T20:32:54.171666+00:00
abebooks,9781529017205,,"Donaldson, Julia",4.95,,4.95,USD,,,,,2025-12-15T20:32:54.171666+00:00
abebooks,9781529017205,,"Donaldson, Julia",34.29,,34.29,USD,,,,,2025-12-15T20:32:54.171666+00:00
abebooks,9781529017205,,Donaldson Julia,75.57,,75.57,USD,,,,,2025-12-15T20:32:54.171666+00:00
abebooks,9781414297453,,"Archer, W. G.",143.19,,143.19,USD,,,,,2025-12-15T20:32:55.510204+00:00
abebooks,9781414297453,,W. G. Archer,58.24,,58.24,USD,,,,,2025-12-15T20:32:55.510204+00:00
abebooks,9780688154981,,"Westall, Robert",6.88,,6.88,USD,,,,,2025-12-15T20:32:56.830184+00:00
abebooks,9780688154981,,"Westall, Robert",6.88,,6.88,USD,,,,,2025-12-15T20:32:56.830184+00:00
abebooks,9780688154981,,Robert Westall,9.98,,9.98,USD,,,,,2025-12-15T20:32:56.830184+00:00
abebooks,9780688154981,,Robert Westall,9.98,,9.98,USD,,,,,2025-12-15T20:32:56.830184+00:00
abebooks,9780688154981,,Robert Westall,9.98,,9.98,USD,,,,,2025-12-15T20:32:56.830184+00:00
abebooks,9780965593199,,"Simon / John Lynch, foreword Singh",4.26,,4.26,USD,,,,,2025-12-15T20:32:58.106737+00:00
abebooks,9780965593199,,"Simon / John Lynch, foreword Singh",6.45,,6.45,USD,,,,,2025-12-15T20:32:58.106737+00:00
abebooks,9780965593199,,"Singh, Simon / John Lynch, foreword",6.47,,6.47,USD,,,,,2025-12-15T20:32:58.106737+00:00
abebooks,9780965593199,,foreword Singh Simon / John Lynch,7.41,,7.41,USD,,,,,2025-12-15T20:32:58.106737+00:00
abebooks,9780965593199,,"Simon / John Lynch, foreword Singh",4.0,,4.0,USD,,,,,2025-12-15T20:32:58.106737+00:00
abebooks,9780965593199,,"Simon / John Lynch, foreword Singh",4.0,,4.0,USD,,,,,2025-12-15T20:32:58.106737+00:00
abebooks,9780965593199,,"Singh, Simon",6.39,,6.39,USD,,,,,2025-12-15T20:32:58.106737+00:00
abebooks,9780965593199,,"Singh, Simon / John Lynch, foreword",6.99,,6.99,USD,,,,,2025-12-15T20:32:58.106737+00:00
abebooks,9780965593199,,"Simon / John Lynch, foreword Singh",9.95,,9.95,USD,,,,,2025-12-15T20:32:58.106737+00:00
abebooks,9780965593199,,"Simon / John Lynch, foreword Singh",17.76,,17.76,USD,,,,,2025-12-15T20:32:58.106737+00:00
abebooks,9780965593199,,Singh,24.0,,24.0,USD,,,,,2025-12-15T20:32:58.106737+00:00
abebooks,9780965593199,,Simon Singh,77.03,,77.03,USD,,,,,2025-12-15T20:32:58.106737+00:00
abebooks,9780425033845,,"Von Daniken, Erich",28.39,,28.39,USD,,,,,2025-12-15T20:33:01.884962+00:00
abebooks,9780425033845,,"Von Daniken, Erich",409.13,,409.13,USD,,,,,2025-12-15T20:33:01.884962+00:00
abebooks,9780439261395,,Avi,3.5,,3.5,USD,,,,,2025-12-15T20:33:04.461120+00:00
abebooks,9780439261395,,Avi,1.0,,1.0,USD,,,,,2025-12-15T20:33:04.461120+00:00
abebooks,9780439261395,,Avi,1.7,,1.7,USD,,,,,2025-12-15T20:33:04.461120+00:00
abebooks,9780439261395,,Avi,2.49,,2.49,USD,,,,,2025-12-15T20:33:04.461120+00:00
abebooks,9780439261395,,Avi,2.49,,2.49,USD,,,,,2025-12-15T20:33:04.461120+00:00
abebooks,9780439261395,,Avi,7.47,,7.47,USD,,,,,2025-12-15T20:33:04.461120+00:00
abebooks,9780439261395,,Avi,3.5,,3.5,USD,,,,,2025-12-15T20:33:04.461120+00:00
abebooks,9780439261395,,Avi (Author),4.0,,4.0,USD,,,,,2025-12-15T20:33:04.461120+00:00
abebooks,9780439261395,,Avi (Author),4.0,,4.0,USD,,,,,2025-12-15T20:33:04.461120+00:00
abebooks,9780439261395,,Avi,4.75,,4.75,USD,,,,,2025-12-15T20:33:04.461120+00:00
abebooks,9780439261395,,Avi,3.99,,3.99,USD,,,,,2025-12-15T20:33:04.461120+00:00
abebooks,9780439261395,,Avi,4.0,,4.0,USD,,,,,2025-12-15T20:33:04.461120+00:00
abebooks,9780439261395,,Avi,76.17,,76.17,USD,,,,,2025-12-15T20:33:04.461120+00:00
abebooks,9781534871304,,"Piper, H. Beam",11.32,,11.32,USD,,,,,2025-12-15T20:33:07.052770+00:00
abebooks,9781534871304,,"Piper, H. Beam",12.22,,12.22,USD,,,,,2025-12-15T20:33:07.052770+00:00
abebooks,9781534871304,,"Piper, H Beam",10.88,,10.88,USD,,,,,2025-12-15T20:33:07.052770+00:00
abebooks,9781534871304,,"Piper, H. Beam",17.95,,17.95,USD,,,,,2025-12-15T20:33:07.052770+00:00
abebooks,9781534871304,,"Piper, H. Beam",17.83,,17.83,USD,,,,,2025-12-15T20:33:07.052770+00:00
abebooks,9781534871304,,"Piper, H Beam",15.0,,15.0,USD,,,,,2025-12-15T20:33:07.052770+00:00
abebooks,9781534871304,,Henry Beam Piper,17.97,,17.97,USD,,,,,2025-12-15T20:33:07.052770+00:00
abebooks,9781534871304,,Henry Beam Piper,22.02,,22.02,USD,,,,,2025-12-15T20:33:07.052770+00:00
abebooks,9780198736479,,"Homer ; Verity, Anthony ; Allan, William",6.97,,6.97,USD,,,,,2025-12-15T20:33:10.870430+00:00
abebooks,9780198736479,,"Homer, Verity, Anthony, Allan, William",10.97,,10.97,USD,,,,,2025-12-15T20:33:10.870430+00:00
abebooks,9780198736479,,"Homer ; Verity, Anthony (TRN) ; Allan, William (INT)",10.17,,10.17,USD,,,,,2025-12-15T20:33:10.870430+00:00
abebooks,9780198736479,,Homer,8.83,,8.83,USD,,,,,2025-12-15T20:33:10.870430+00:00
abebooks,9780198736479,,"Homer ; Verity, Anthony (TRN) ; Allan, William (INT)",10.34,,10.34,USD,,,,,2025-12-15T20:33:10.870430+00:00
abebooks,9780198736479,,"Homer,Verity, Anthony,Allan, William",8.04,,8.04,USD,,,,,2025-12-15T20:33:10.870430+00:00
abebooks,9780198736479,,Homer,14.41,,14.41,USD,,,,,2025-12-15T20:33:10.870430+00:00
abebooks,9780198736479,,Homer,14.75,,14.75,USD,,,,,2025-12-15T20:33:10.870430+00:00
abebooks,9780198736479,,"Homer ; Verity, Anthony ; Allan, William",15.0,,15.0,USD,,,,,2025-12-15T20:33:10.870430+00:00
abebooks,9780198736479,,Homer,15.01,,15.01,USD,,,,,2025-12-15T20:33:10.870430+00:00
abebooks,9780198736479,,"Homer ; Verity, Anthony ; Allan, William",11.21,,11.21,USD,,,,,2025-12-15T20:33:10.870430+00:00
abebooks,9780198736479,,Homer,16.4,,16.4,USD,,,,,2025-12-15T20:33:10.870430+00:00
abebooks,9780198736479,,Homer,16.47,,16.47,USD,,,,,2025-12-15T20:33:10.870430+00:00
abebooks,9780198736479,,Homer,13.13,,13.13,USD,,,,,2025-12-15T20:33:10.870430+00:00
abebooks,9780198736479,,"Homer ; Verity, Anthony ; Allan, William",13.41,,13.41,USD,,,,,2025-12-15T20:33:10.870430+00:00
abebooks,9780198736479,,Homer,23.69,,23.69,USD,,,,,2025-12-15T20:33:10.870430+00:00
abebooks,9780198736479,,Homer,23.69,,23.69,USD,,,,,2025-12-15T20:33:10.870430+00:00
abebooks,9780198736479,,"Homer ; Verity, Anthony ; Allan, William",20.19,,20.19,USD,,,,,2025-12-15T20:33:10.870430+00:00
abebooks,9780198736479,,"Homer/ Verity, Anthony (Translator)/ Allan, William",12.38,,12.38,USD,,,,,2025-12-15T20:33:10.870430+00:00
abebooks,9780198736479,,Homer,16.02,,16.02,USD,,,,,2025-12-15T20:33:10.870430+00:00
abebooks,9780198736479,,Homer,17.44,,17.44,USD,,,,,2025-12-15T20:33:10.870430+00:00
abebooks,9780198736479,,"Homer/ Verity, Anthony (Translator)/ Allan, William",16.5,,16.5,USD,,,,,2025-12-15T20:33:10.870430+00:00
abebooks,9780198736479,,"Homer ; Verity, Anthony ; Allan, William",18.96,,18.96,USD,,,,,2025-12-15T20:33:10.870430+00:00
abebooks,9780198736479,,"Homer ; Verity, Anthony ; Allan, William",14.44,,14.44,USD,,,,,2025-12-15T20:33:10.870430+00:00
abebooks,9780198736479,,"Homer, William Allan, Anthony Verity",10.12,,10.12,USD,,,,,2025-12-15T20:33:10.870430+00:00
abebooks,9780553136869,,"Renault, Mary",2.98,,2.98,USD,,,,,2025-12-15T20:33:15.640529+00:00
abebooks,9780553136869,,Mary Renault,10.87,,10.87,USD,,,,,2025-12-15T20:33:15.640529+00:00
abebooks,9780553136869,,Mary Renault,14.22,,14.22,USD,,,,,2025-12-15T20:33:15.640529+00:00
abebooks,9781599869506,,"Conrad, Joseph",7.24,,7.24,USD,,,,,2025-12-15T20:33:18.036521+00:00
abebooks,9781599869506,,"Conrad, Joseph",7.96,,7.96,USD,,,,,2025-12-15T20:33:18.036521+00:00
abebooks,9781599869506,,"Conrad, Joseph",7.96,,7.96,USD,,,,,2025-12-15T20:33:18.036521+00:00
abebooks,9781599869506,,"Conrad, Joseph",7.98,,7.98,USD,,,,,2025-12-15T20:33:18.036521+00:00
abebooks,9781599869506,,"Conrad, Joseph",8.98,,8.98,USD,,,,,2025-12-15T20:33:18.036521+00:00
abebooks,9781599869506,,"Conrad, Joseph",20.39,,20.39,USD,,,,,2025-12-15T20:33:18.036521+00:00
abebooks,9781433134142,,"Kinard, Tim ; Gainer, Jesse ; Huerta, Mary Esther",46.04,,46.04,USD,,,,,2025-12-15T20:33:22.758268+00:00
abebooks,9781433134142,,"Kinard, Tim ; Gainer, Jesse ; Huerta, Mary Esther",50.72,,50.72,USD,,,,,2025-12-15T20:33:22.758268+00:00
abebooks,9781433134142,,Tim Kinard,53.37,,53.37,USD,,,,,2025-12-15T20:33:22.758268+00:00
abebooks,9781433134142,,"Tim Kinard, Jesse Gainer, Mary Esther Soto Huerta",53.39,,53.39,USD,,,,,2025-12-15T20:33:22.758268+00:00
abebooks,9781433134142,,"Cannella, Gaile",39.42,,39.42,USD,,,,,2025-12-15T20:33:22.758268+00:00
abebooks,9781433134142,,"Kinard, Tim ; Gainer, Jesse ; Huerta, Mary Esther Soto",45.32,,45.32,USD,,,,,2025-12-15T20:33:22.758268+00:00
abebooks,9781433134142,,"Kinard, Tim ; Gainer, Jesse ; Huerta, Mary Esther",42.83,,42.83,USD,,,,,2025-12-15T20:33:22.758268+00:00
abebooks,9781433134142,,"Kinard, Tim ; Gainer, Jesse ; Huerta, Mary Esther",50.62,,50.62,USD,,,,,2025-12-15T20:33:22.758268+00:00
abebooks,9781433134142,,"Kinard, Tim ; Gainer, Jesse ; Huerta, Mary Esther Soto",76.53,,76.53,USD,,,,,2025-12-15T20:33:22.758268+00:00
abebooks,9781433134142,,Tim Kinard,48.97,,48.97,USD,,,,,2025-12-15T20:33:22.758268+00:00
abebooks,9781433134142,,Tim Kinard,48.97,,48.97,USD,,,,,2025-12-15T20:33:22.758268+00:00
abebooks,9781433134142,,Tim Kinard,90.1,,90.1,USD,,,,,2025-12-15T20:33:22.758268+00:00
abebooks,9781433134142,,Tim Kinard (u. a.),48.97,,48.97,USD,,,,,2025-12-15T20:33:22.758268+00:00
abebooks,9781433134142,,"Tim Kinard, Jesse Gainer, Mary Esther Soto Huerta",50.96,,50.96,USD,,,,,2025-12-15T20:33:22.758268+00:00
abebooks,9781433134142,,Tim Kinard,49.54,,49.54,USD,,,,,2025-12-15T20:33:22.758268+00:00
abebooks,9781433134142,,Tim Kinard,48.97,,48.97,USD,,,,,2025-12-15T20:33:22.758268+00:00
abebooks,9781433134142,,"Kinard, Tim|Gainer, Jesse|Huerta, Mary Esther Soto",48.97,,48.97,USD,,,,,2025-12-15T20:33:22.758268+00:00
abebooks,9781554680153,,"Oppel, Kenneth",7.41,,7.41,USD,,,,,2025-12-15T20:33:29.485664+00:00
abebooks,9781554680153,,"Oppel, Kenneth",7.41,,7.41,USD,,,,,2025-12-15T20:33:29.485664+00:00
abebooks,9781554680153,,"Oppel, Kenneth",7.42,,7.42,USD,,,,,2025-12-15T20:33:29.485664+00:00
abebooks,9781554680153,,Kenneth Oppel,10.28,,10.28,USD,,,,,2025-12-15T20:33:29.485664+00:00
abebooks,9781554680153,,Kenneth Oppel,10.28,,10.28,USD,,,,,2025-12-15T20:33:29.485664+00:00
abebooks,9781554680153,,Kenneth Oppel,10.28,,10.28,USD,,,,,2025-12-15T20:33:29.485664+00:00
abebooks,9781554680153,,Kenneth Oppel,10.28,,10.28,USD,,,,,2025-12-15T20:33:29.485664+00:00
abebooks,9781554680153,,"Oppel, Kenneth",16.97,,16.97,USD,,,,,2025-12-15T20:33:29.485664+00:00
abebooks,9781554680153,,"Oppel, Kenneth",34.78,,34.78,USD,,,,,2025-12-15T20:33:29.485664+00:00
abebooks,9781554680153,,"Oppel, Kenneth",33.14,,33.14,USD,,,,,2025-12-15T20:33:29.485664+00:00
abebooks,9781554680153,,"Oppel, Kenneth",36.96,,36.96,USD,,,,,2025-12-15T20:33:29.485664+00:00
abebooks,9781426472947,,Gene Stratton-Porter,42.19,,42.19,USD,,,,,2025-12-15T20:33:37.992035+00:00
abebooks,9781562548902,,"Charles Dickens,Saddleback Educational Publishing",4.98,,4.98,USD,,,,,2025-12-15T20:33:54.212453+00:00
abebooks,9781562548902,,"Charles Dickens,Saddleback Educational Publishing",4.98,,4.98,USD,,,,,2025-12-15T20:33:54.212453+00:00
abebooks,9781562548902,,"Charles Dickens,Saddleback Educational Publishing",4.99,,4.99,USD,,,,,2025-12-15T20:33:54.212453+00:00
abebooks,9781562548902,,Charles Dickens ; Saddleback Educational Publishing,8.97,,8.97,USD,,,,,2025-12-15T20:33:54.212453+00:00
abebooks,9781562548902,,Charles Dickens ; Saddleback Educational Publishing,8.97,,8.97,USD,,,,,2025-12-15T20:33:54.212453+00:00
abebooks,9781562548902,,Charles Dickens ; Saddleback Educational Publishing,8.97,,8.97,USD,,,,,2025-12-15T20:33:54.212453+00:00
abebooks,9781562548902,,Charles Dickens ; Saddleback Educational Publishing,8.19,,8.19,USD,,,,,2025-12-15T20:33:54.212453+00:00
abebooks,9781562548902,,Charles Dickenson,30.12,,30.12,USD,,,,,2025-12-15T20:33:54.212453+00:00
abebooks,9780891909415,,"Stratton-Porter, Gene",13.73,,13.73,USD,,,,,2025-12-15T20:34:04.061754+00:00
abebooks,9780891909415,,Gene Stratton-Porter,13.94,,13.94,USD,,,,,2025-12-15T20:34:04.061754+00:00
abebooks,9780891909415,,"Stratton-Porter, Gene",22.0,,22.0,USD,,,,,2025-12-15T20:34:04.061754+00:00
abebooks,9781405953993,,Hey Duggee,1.72,,1.72,USD,,,,,2025-12-15T20:34:06.598537+00:00
abebooks,9781405953993,,Hey Duggee,2.27,,2.27,USD,,,,,2025-12-15T20:34:06.598537+00:00
abebooks,9781405953993,,Hey Duggee,3.3,,3.3,USD,,,,,2025-12-15T20:34:06.598537+00:00
abebooks,9781405953993,,Hey Duggee,5.05,,5.05,USD,,,,,2025-12-15T20:34:06.598537+00:00
abebooks,9781405953993,,Hey Duggee,14.69,,14.69,USD,,,,,2025-12-15T20:34:06.598537+00:00
abebooks,9781405953993,,Hey Duggee,14.7,,14.7,USD,,,,,2025-12-15T20:34:06.598537+00:00
abebooks,9781405953993,,Hey Duggee,10.64,,10.64,USD,,,,,2025-12-15T20:34:06.598537+00:00
abebooks,9781405953993,,Hey Duggee,6.1,,6.1,USD,,,,,2025-12-15T20:34:06.598537+00:00
abebooks,9781405953993,,Hey Duggee,5.08,,5.08,USD,,,,,2025-12-15T20:34:06.598537+00:00
abebooks,9781405953993,,Hey Duggee,8.02,,8.02,USD,,,,,2025-12-15T20:34:06.598537+00:00
abebooks,9781405953993,,Hey Duggee,12.61,,12.61,USD,,,,,2025-12-15T20:34:06.598537+00:00
abebooks,9781405953993,,Hey Duggee,11.91,,11.91,USD,,,,,2025-12-15T20:34:06.598537+00:00
abebooks,9781405953993,,Hey Duggee,4.93,,4.93,USD,,,,,2025-12-15T20:34:06.598537+00:00
abebooks,9781405953993,,Hey Duggee,4.93,,4.93,USD,,,,,2025-12-15T20:34:06.598537+00:00
abebooks,9781405953993,,Hey Duggee,4.95,,4.95,USD,,,,,2025-12-15T20:34:06.598537+00:00
abebooks,9781405953993,,Hey Duggee,9.66,,9.66,USD,,,,,2025-12-15T20:34:06.598537+00:00
abebooks,9781405953993,,Hey Duggee,11.6,,11.6,USD,,,,,2025-12-15T20:34:06.598537+00:00
abebooks,9781405953993,,"Duggee Hey, Duggee Hey",10.63,,10.63,USD,,,,,2025-12-15T20:34:06.598537+00:00
abebooks,9781405953993,,"Duggee Hey, Duggee Hey",12.34,,12.34,USD,,,,,2025-12-15T20:34:06.598537+00:00
abebooks,9781405953993,,Hey Duggee,9.57,,9.57,USD,,,,,2025-12-15T20:34:06.598537+00:00
abebooks,9781405953993,,Hey Duggee,22.97,,22.97,USD,,,,,2025-12-15T20:34:06.598537+00:00
abebooks,9781405953993,,Hey Duggee,15.01,,15.01,USD,,,,,2025-12-15T20:34:06.598537+00:00
abebooks,9781405953993,,Hey Duggee,11.78,,11.78,USD,,,,,2025-12-15T20:34:06.598537+00:00
abebooks,9781405953993,,Hey Duggee,14.81,,14.81,USD,,,,,2025-12-15T20:34:06.598537+00:00
abebooks,9781405953993,,Hey Duggee,9.58,,9.58,USD,,,,,2025-12-15T20:34:06.598537+00:00
abebooks,9780345320285,,"Baum, Lyman Frank",8.42,,8.42,USD,,,,,2025-12-15T20:34:09.107375+00:00
abebooks,9780345320285,,"Baum, Lyman Frank",8.42,,8.42,USD,,,,,2025-12-15T20:34:09.107375+00:00
abebooks,9780345320285,,"Baum, Lyman Frank",8.42,,8.42,USD,,,,,2025-12-15T20:34:09.107375+00:00
abebooks,9780345320285,,L. Frank Baum,4.94,,4.94,USD,,,,,2025-12-15T20:34:09.107375+00:00
abebooks,9780345320285,,L. Frank Baum,8.93,,8.93,USD,,,,,2025-12-15T20:34:09.107375+00:00
abebooks,9780345320285,,L. Frank Baum,8.93,,8.93,USD,,,,,2025-12-15T20:34:09.107375+00:00
abebooks,9780345320285,,L. Frank Baum,4.12,,4.12,USD,,,,,2025-12-15T20:34:09.107375+00:00
abebooks,9780345320285,,L. Frank Baum ; John R. Neill [Illustrator],106.72,,106.72,USD,,,,,2025-12-15T20:34:09.107375+00:00
abebooks,9780751517545,,-,16.17,,16.17,USD,,,,,2025-12-15T20:34:14.204363+00:00
abebooks,9780751517545,,-,16.17,,16.17,USD,,,,,2025-12-15T20:34:14.204363+00:00
abebooks,9780751517545,,Peter Haining,5.79,,5.79,USD,,,,,2025-12-15T20:34:14.204363+00:00
abebooks,9780751517545,,"Haining, Peter",22.03,,22.03,USD,,,,,2025-12-15T20:34:14.204363+00:00
abebooks,9789507313578,,"Neruda, Pablo",24.95,,24.95,USD,,,,,2025-12-15T20:34:15.451731+00:00
abebooks,9789507313578,,"Neruda, Pablo",36.27,,36.27,USD,,,,,2025-12-15T20:34:15.451731+00:00
abebooks,9780733619458,,"Brand-Miller, Prof. Jennie ; Kaye Foster-Powell ; Joanna McMillan-Price",12.27,,12.27,USD,,,,,2025-12-15T20:34:21.368042+00:00
abebooks,9781602857360,,Susan Abulhawa,80.49,,80.49,USD,,,,,2025-12-15T20:34:29.305791+00:00
abebooks,9781602857360,,Susan Abulhawa,80.49,,80.49,USD,,,,,2025-12-15T20:34:29.305791+00:00
abebooks,9781602857360,,"Abulhawa, Susan",76.51,,76.51,USD,,,,,2025-12-15T20:34:29.305791+00:00
abebooks,9781602857360,,"Abulhawa, Susan",352.9,,352.9,USD,,,,,2025-12-15T20:34:29.305791+00:00
abebooks,9781016641425,,"Dickens, Charles",62.3,,62.3,USD,,,,,2025-12-15T20:34:40.640677+00:00
abebooks,9781016641425,,"Dickens, Charles",55.47,,55.47,USD,,,,,2025-12-15T20:34:40.640677+00:00
abebooks,9781016641425,,Charles Dickens,72.71,,72.71,USD,,,,,2025-12-15T20:34:40.640677+00:00
abebooks,9781016641425,,"Dickens, Charles",52.23,,52.23,USD,,,,,2025-12-15T20:34:40.640677+00:00
abebooks,9781016641425,,"Dickens, Charles",46.53,,46.53,USD,,,,,2025-12-15T20:34:40.640677+00:00
abebooks,9781016641425,,Charles Dickens,52.98,,52.98,USD,,,,,2025-12-15T20:34:40.640677+00:00
abebooks,9781016641425,,"Dickens, Charles",60.94,,60.94,USD,,,,,2025-12-15T20:34:40.640677+00:00
abebooks,9781016641425,,"Dickens, Charles",69.47,,69.47,USD,,,,,2025-12-15T20:34:40.640677+00:00
abebooks,9780008407926,,Christina Sweeney-Baird,6.03,,6.03,USD,,,,,2025-12-15T20:49:18.353744+00:00
abebooks,9780008407926,,"Sweeney-Baird, Christina",7.35,,7.35,USD,,,,,2025-12-15T20:49:18.353744+00:00
abebooks,9780008407926,,"Sweeney-Baird, Christina",6.1,,6.1,USD,,,,,2025-12-15T20:49:18.353744+00:00
abebooks,9780008407926,,"Sweeney-Baird, Christina",6.1,,6.1,USD,,,,,2025-12-15T20:49:18.353744+00:00
abebooks,9780008407926,,Christina Sweeney-Baird,13.74,,13.74,USD,,,,,2025-12-15T20:49:18.353744+00:00
abebooks,9780008407926,,Christina Sweeney-Baird,13.74,,13.74,USD,,,,,2025-12-15T20:49:18.353744+00:00
abebooks,9780008407926,,"Sweeney-Baird, Christina",4.93,,4.93,USD,,,,,2025-12-15T20:49:18.353744+00:00
abebooks,9780008407926,,"Sweeney-Baird, Christina",4.95,,4.95,USD,,,,,2025-12-15T20:49:18.353744+00:00
abebooks,9780008407926,,Christina Sweeney-Baird,23.91,,23.91,USD,,,,,2025-12-15T20:49:18.353744+00:00
abebooks,9780008407926,,"Sweeney-Baird, Christina",31.63,,31.63,USD,,,,,2025-12-15T20:49:18.353744+00:00
abebooks,9780008407926,,Sweeney-Baird Christina,24.69,,24.69,USD,,,,,2025-12-15T20:49:18.353744+00:00
abebooks,9780008407926,,"Sweeney-Baird, Christina",31.98,,31.98,USD,,,,,2025-12-15T20:49:18.353744+00:00
abebooks,9780008407926,,"Sweeney-Baird, Christina",27.54,,27.54,USD,,,,,2025-12-15T20:49:18.353744+00:00
abebooks,9780008407926,,Christina Sweeney-Baird,27.63,,27.63,USD,,,,,2025-12-15T20:49:18.353744+00:00
abebooks,9780008407926,,"Sweeney-Baird, Christina",19.82,,19.82,USD,,,,,2025-12-15T20:49:18.353744+00:00
abebooks,9780008407926,,Christina Sweeney-Baird,37.57,,37.57,USD,,,,,2025-12-15T20:49:18.353744+00:00
abebooks,9780008407926,,Christina Sweeney-Baird,31.12,,31.12,USD,,,,,2025-12-15T20:49:18.353744+00:00
abebooks,9780008407926,,"Sweeney-baird, Christina",23.9,,23.9,USD,,,,,2025-12-15T20:49:18.353744+00:00
abebooks,9780008407926,,Christina Sweeney-Baird,25.29,,25.29,USD,,,,,2025-12-15T20:49:18.353744+00:00
abebooks,9780008407926,,Sweeney-Baird Christina,33.58,,33.58,USD,,,,,2025-12-15T20:49:18.353744+00:00
abebooks,9780008407926,,CHRISTINA SWEENEY-BAIRD,19.26,,19.26,USD,,,,,2025-12-15T20:49:18.353744+00:00
abebooks,9780008407926,,"Sweeney-baird, Christina",25.88,,25.88,USD,,,,,2025-12-15T20:49:18.353744+00:00
abebooks,9780008407926,,Christina Sweeney-Baird,25.21,,25.21,USD,,,,,2025-12-15T20:49:18.353744+00:00
abebooks,9780008407926,,"Sweeney-Baird, Christina",35.33,,35.33,USD,,,,,2025-12-15T20:49:18.353744+00:00
abebooks,9780008407926,,"Sweeney-Baird, Christina",55.0,,55.0,USD,,,,,2025-12-15T20:49:18.353744+00:00
abebooks,9780316059558,,Marc Brown,7.31,,7.31,USD,,,,,2025-12-15T20:49:29.302588+00:00
abebooks,9781511763714,,The Perfect Library,29.17,,29.17,USD,,,,,2025-12-15T20:49:54.392931+00:00
abebooks,9781511763714,,The Perfect Library,31.65,,31.65,USD,,,,,2025-12-15T20:49:54.392931+00:00
abebooks,9788432248139,,ROBERT MUSIL,119.69,,119.69,USD,,,,,2025-12-15T20:50:06.655302+00:00
abebooks,9789705803536,,"Roberts, Nora",33.18,,33.18,USD,,,,,2025-12-15T20:50:37.944706+00:00
abebooks,9789705803536,,"Roberts, Nora",33.18,,33.18,USD,,,,,2025-12-15T20:50:37.944706+00:00
abebooks,9789705803536,,"Roberts, Nora",75.25,,75.25,USD,,,,,2025-12-15T20:50:37.944706+00:00
abebooks,9780671790233,,Allan Nevins ; Henry Steele Commager,1.85,,1.85,USD,,,,,2025-12-15T21:36:18.501033+00:00
abebooks,9780671790233,,Allan Nevins ; Henry Steele Commager,1.85,,1.85,USD,,,,,2025-12-15T21:36:18.501033+00:00
abebooks,9780671790233,,Allan Nevins ; Henry Steele Commager,6.46,,6.46,USD,,,,,2025-12-15T21:36:18.501033+00:00
abebooks,9780671790233,,Allan Nevins ; Henry Steele Commager,6.46,,6.46,USD,,,,,2025-12-15T21:36:18.501033+00:00
abebooks,9780671790233,,Allan Nevins ; Henry Steele Commager,6.46,,6.46,USD,,,,,2025-12-15T21:36:18.501033+00:00
abebooks,9780671790233,,"Henry Steele Commager,Allan Nevins",2.79,,2.79,USD,,,,,2025-12-15T21:36:18.501033+00:00
abebooks,9780671790233,,"Henry Steele Commager,Allan Nevins",2.79,,2.79,USD,,,,,2025-12-15T21:36:18.501033+00:00
abebooks,9780671790233,,"Nevins, Allen, Commager, Henry Steele, Morris, Jeffrey",6.88,,6.88,USD,,,,,2025-12-15T21:36:18.501033+00:00
abebooks,9780671790233,,"Nevins, Allen, Commager, Henry Steele, Morris, Jeffrey",6.88,,6.88,USD,,,,,2025-12-15T21:36:18.501033+00:00
abebooks,9780671790233,,"Henry Steele Commager,Allan Nevins",3.49,,3.49,USD,,,,,2025-12-15T21:36:18.501033+00:00
abebooks,9780671790233,,Allan Nevins ; Henry Steele Commager,7.0,,7.0,USD,,,,,2025-12-15T21:36:18.501033+00:00
abebooks,9780671790233,,"Allan Nevins, Henry Steele Commager",6.57,,6.57,USD,,,,,2025-12-15T21:36:18.501033+00:00
abebooks,9780671790233,,Allan Nevins,65.23,,65.23,USD,,,,,2025-12-15T21:36:18.501033+00:00
abebooks,9780671790233,,Allan Nevins,70.6,,70.6,USD,,,,,2025-12-15T21:36:18.501033+00:00
abebooks,9780671790233,,Henry Steele Commager,8.12,,8.12,USD,,,,,2025-12-15T21:36:18.501033+00:00
abebooks,9780671790233,,Inconnu,9.66,,9.66,USD,,,,,2025-12-15T21:36:18.501033+00:00
abebooks,9781613823972,,"Moore, Clement C.",28.67,,28.67,USD,,,,,2025-12-15T21:36:27.364806+00:00
abebooks,9781613823972,,Clement C. Moore,33.67,,33.67,USD,,,,,2025-12-15T21:36:27.364806+00:00
abebooks,9781613823972,,Clement C. Moore,28.9,,28.9,USD,,,,,2025-12-15T21:36:27.364806+00:00
abebooks,9781720540649,,Louisa May Alcott,32.27,,32.27,USD,,,,,2025-12-15T21:36:49.632005+00:00
abebooks,9781720540649,,Louisa May Alcott,30.28,,30.28,USD,,,,,2025-12-15T21:36:49.632005+00:00
abebooks,9782012019058,,Maggie Stiefvater,3.63,,3.63,USD,,,,,2025-12-15T21:37:09.336812+00:00
abebooks,9782012019058,,Maggie Stiefvater,3.63,,3.63,USD,,,,,2025-12-15T21:37:09.336812+00:00
abebooks,9782012019058,,Maggie Stiefvater,3.63,,3.63,USD,,,,,2025-12-15T21:37:09.336812+00:00
abebooks,9782012019058,,Maggie Stiefvater,18.74,,18.74,USD,,,,,2025-12-15T21:37:09.336812+00:00
abebooks,9782012019058,,Maggie Stiefvater,5.41,,5.41,USD,,,,,2025-12-15T21:37:09.336812+00:00
abebooks,9782012019058,,Maggie Stiefvater,5.68,,5.68,USD,,,,,2025-12-15T21:37:09.336812+00:00
abebooks,9782012019058,,Maggie Stiefvater,5.68,,5.68,USD,,,,,2025-12-15T21:37:09.336812+00:00
abebooks,9782012019058,,"Stiefvater, Maggie",13.6,,13.6,USD,,,,,2025-12-15T21:37:09.336812+00:00
abebooks,9782012019058,,Maggie Stiefvater,7.25,,7.25,USD,,,,,2025-12-15T21:37:09.336812+00:00
abebooks,9782012019058,,Maggie Stiefvater,7.84,,7.84,USD,,,,,2025-12-15T21:37:09.336812+00:00
abebooks,9782012019058,,Maggie Stiefvater,7.84,,7.84,USD,,,,,2025-12-15T21:37:09.336812+00:00
abebooks,9782012019058,,Maggie Stiefvater,5.92,,5.92,USD,,,,,2025-12-15T21:37:09.336812+00:00
abebooks,9782012019058,,Maggie Stiefvater,9.66,,9.66,USD,,,,,2025-12-15T21:37:09.336812+00:00
abebooks,9781731234223,,Walt Whitman,35.02,,35.02,USD,,,,,2025-12-15T21:37:10.647602+00:00
abebooks,9780062511232,,"Aarons, Leroy",5.55,,5.55,USD,,,,,2025-12-15T21:37:43.384559+00:00
abebooks,9780062511232,,"Aarons, Leroy",5.55,,5.55,USD,,,,,2025-12-15T21:37:43.384559+00:00
abebooks,9780062511232,,"Aarons, Leroy",1.58,,1.58,USD,,,,,2025-12-15T21:37:43.384559+00:00
abebooks,9780062511232,,"Aarons, Leroy",2.74,,2.74,USD,,,,,2025-12-15T21:37:43.384559+00:00
abebooks,9780062511232,,"Aarons, Leroy",6.24,,6.24,USD,,,,,2025-12-15T21:37:43.384559+00:00
abebooks,9780062511232,,"Aarons, Leroy",6.39,,6.39,USD,,,,,2025-12-15T21:37:43.384559+00:00
abebooks,9780062511232,,"Aarons, Leroy",6.39,,6.39,USD,,,,,2025-12-15T21:37:43.384559+00:00
abebooks,9780062511232,,"Aarons, Leroy",6.39,,6.39,USD,,,,,2025-12-15T21:37:43.384559+00:00
abebooks,9780062511232,,"Aarons, Leroy",6.39,,6.39,USD,,,,,2025-12-15T21:37:43.384559+00:00
abebooks,9780062511232,,"Aarons, Leroy",6.39,,6.39,USD,,,,,2025-12-15T21:37:43.384559+00:00
abebooks,9780062511232,,"Aarons, Leroy",6.39,,6.39,USD,,,,,2025-12-15T21:37:43.384559+00:00
abebooks,9780062511232,,"Aarons, Leroy",6.39,,6.39,USD,,,,,2025-12-15T21:37:43.384559+00:00
abebooks,9780062511232,,"Aarons, Leroy",6.88,,6.88,USD,,,,,2025-12-15T21:37:43.384559+00:00
abebooks,9780062511232,,"Aarons, Leroy",6.88,,6.88,USD,,,,,2025-12-15T21:37:43.384559+00:00
abebooks,9780062511232,,"Aarons, Leroy",6.88,,6.88,USD,,,,,2025-12-15T21:37:43.384559+00:00
abebooks,9780062511232,,"Aarons, Leroy",6.88,,6.88,USD,,,,,2025-12-15T21:37:43.384559+00:00
abebooks,9780062511232,,"Aarons, Leroy",3.74,,3.74,USD,,,,,2025-12-15T21:37:43.384559+00:00
abebooks,9780062511232,,"Aarons, Leroy",3.92,,3.92,USD,,,,,2025-12-15T21:37:43.384559+00:00
abebooks,9780062511232,,"Aarons, Leroy",4.0,,4.0,USD,,,,,2025-12-15T21:37:43.384559+00:00
abebooks,9780062511232,,"Aarons, Leroy",4.39,,4.39,USD,,,,,2025-12-15T21:37:43.384559+00:00
abebooks,9780062511232,,"Aarons, Leroy",2.3,,2.3,USD,,,,,2025-12-15T21:37:43.384559+00:00
abebooks,9780062511232,,"Aarons, Leroy",5.49,,5.49,USD,,,,,2025-12-15T21:37:43.384559+00:00
abebooks,9780062511232,,"Aarons, Leroy",4.0,,4.0,USD,,,,,2025-12-15T21:37:43.384559+00:00
abebooks,9780062511232,,Leroy Aarons,3.0,,3.0,USD,,,,,2025-12-15T21:37:43.384559+00:00
abebooks,9780062511232,,"Aarons, Leroy",6.49,,6.49,USD,,,,,2025-12-15T21:37:43.384559+00:00
abebooks,9781013527814,,"Wollstonecraft, Mary 1759-1797",37.09,,37.09,USD,,,,,2025-12-15T21:46:05.887229+00:00
abebooks,9781013527814,,"Wollstonecraft, Mary 1759-1797",52.79,,52.79,USD,,,,,2025-12-15T21:46:05.887229+00:00
abebooks,9781013527814,,"Wollstonecraft, Mary",49.91,,49.91,USD,,,,,2025-12-15T21:46:05.887229+00:00
abebooks,9781013527814,,Mary Wollstonecraft,61.94,,61.94,USD,,,,,2025-12-15T21:46:05.887229+00:00
abebooks,9781013527814,,"Wollstonecraft, Mary 1759-1797",44.15,,44.15,USD,,,,,2025-12-15T21:46:05.887229+00:00
abebooks,9781013527814,,"Wollstonecraft, Mary 1759-1797",40.25,,40.25,USD,,,,,2025-12-15T21:46:05.887229+00:00
abebooks,9781013527814,,Mary 1759-1797 Wollstonecraft,39.69,,39.69,USD,,,,,2025-12-15T21:46:05.887229+00:00
abebooks,9781013527814,,"Wollstonecraft, Mary 1759-1797",51.07,,51.07,USD,,,,,2025-12-15T21:46:05.887229+00:00
abebooks,9781013527814,,Mary 1759-1797 Wollstonecraft,45.6,,45.6,USD,,,,,2025-12-15T21:46:05.887229+00:00
abebooks,9781013527814,,"Wollstonecraft, Mary 1759-1797",55.36,,55.36,USD,,,,,2025-12-15T21:46:05.887229+00:00
abebooks,9781580402378,,American Diabetes Association,4.1,,4.1,USD,,,,,2025-12-15T21:46:16.694502+00:00
abebooks,9781580402378,,American Diabetes Association,4.1,,4.1,USD,,,,,2025-12-15T21:46:16.694502+00:00
abebooks,9781580402378,,American Diabetes Association,4.12,,4.12,USD,,,,,2025-12-15T21:46:16.694502+00:00
abebooks,9781580402378,,American Diabetes Association,4.83,,4.83,USD,,,,,2025-12-15T21:46:16.694502+00:00
abebooks,9781580402378,,American Diabetes Association,4.97,,4.97,USD,,,,,2025-12-15T21:46:16.694502+00:00
abebooks,9781580402378,,American Diabetes Association,5.17,,5.17,USD,,,,,2025-12-15T21:46:16.694502+00:00
abebooks,9781580402378,,American Diabetes Association,3.0,,3.0,USD,,,,,2025-12-15T21:46:16.694502+00:00
abebooks,9781580402378,,American Diabetes Association,6.54,,6.54,USD,,,,,2025-12-15T21:46:16.694502+00:00
abebooks,9781580402378,,American Diabetes Association,6.54,,6.54,USD,,,,,2025-12-15T21:46:16.694502+00:00
abebooks,9781580402378,,American Diabetes Association,6.54,,6.54,USD,,,,,2025-12-15T21:46:16.694502+00:00
abebooks,9781580402378,,American Diabetes Association,6.54,,6.54,USD,,,,,2025-12-15T21:46:16.694502+00:00
abebooks,9781580402378,,American Diabetes Association,6.69,,6.69,USD,,,,,2025-12-15T21:46:16.694502+00:00
abebooks,9781580402378,,American Diabetes Association,3.0,,3.0,USD,,,,,2025-12-15T21:46:16.694502+00:00
abebooks,9781580402378,,American Diabetes Association,7.21,,7.21,USD,,,,,2025-12-15T21:46:16.694502+00:00
abebooks,9781580402378,,American Diabetes Association,7.21,,7.21,USD,,,,,2025-12-15T21:46:16.694502+00:00
abebooks,9781580402378,,American Diabetes Association,2.35,,2.35,USD,,,,,2025-12-15T21:46:16.694502+00:00
abebooks,9781580402378,,American Diabetes Association,30.4,,30.4,USD,,,,,2025-12-15T21:46:16.694502+00:00
abebooks,9781580402378,,American Diabetes Association,73.98,,73.98,USD,,,,,2025-12-15T21:46:16.694502+00:00
abebooks,9780460014335,,Eca De Queiroz ; Patricia McGowan Pinheiro ; Ann Stevens,19.75,,19.75,USD,,,,,2025-12-15T21:46:37.453769+00:00
abebooks,9780460014335,,ECA DE QUEIROZ,6.85,,6.85,USD,,,,,2025-12-15T21:46:37.453769+00:00
abebooks,9780460014335,,"EÃ§a de QueirÃ s, Jose Maria de",27.02,,27.02,USD,,,,,2025-12-15T21:46:37.453769+00:00
abebooks,9780460014335,,-,39.69,,39.69,USD,,,,,2025-12-15T21:46:37.453769+00:00
abebooks,9780460014335,,-,39.69,,39.69,USD,,,,,2025-12-15T21:46:37.453769+00:00
abebooks,9780099784616,,"Rendell, Ruth",6.75,,6.75,USD,,,,,2025-12-15T21:46:44.965467+00:00
abebooks,9780099784616,,"Rendell, Ruth",6.88,,6.88,USD,,,,,2025-12-15T21:46:44.965467+00:00
abebooks,9780099784616,,Ruth Rendell,6.92,,6.92,USD,,,,,2025-12-15T21:46:44.965467+00:00
abebooks,9780099784616,,"Rendell, Ruth",3.09,,3.09,USD,,,,,2025-12-15T21:46:44.965467+00:00
abebooks,9780099784616,,"Rendell, Ruth",3.09,,3.09,USD,,,,,2025-12-15T21:46:44.965467+00:00
abebooks,9780099784616,,Ruth Rendell,4.14,,4.14,USD,,,,,2025-12-15T21:46:44.965467+00:00
abebooks,9780099784616,,-,4.14,,4.14,USD,,,,,2025-12-15T21:46:44.965467+00:00
abebooks,9780099784616,,"Rendell, Ruth",6.1,,6.1,USD,,,,,2025-12-15T21:46:44.965467+00:00
abebooks,9780099784616,,"Rendell, Ruth",6.1,,6.1,USD,,,,,2025-12-15T21:46:44.965467+00:00
abebooks,9780099784616,,Ruth Rendell,7.24,,7.24,USD,,,,,2025-12-15T21:46:44.965467+00:00
abebooks,9780099784616,,Ruth Rendell,4.93,,4.93,USD,,,,,2025-12-15T21:46:44.965467+00:00
abebooks,9780099784616,,Ruth Rendell,4.95,,4.95,USD,,,,,2025-12-15T21:46:44.965467+00:00
abebooks,9780099784616,,Ruth Rendell,3.63,,3.63,USD,,,,,2025-12-15T21:46:44.965467+00:00
abebooks,9780099784616,,"Rendell, Ruth",6.2,,6.2,USD,,,,,2025-12-15T21:46:44.965467+00:00
abebooks,9780099784616,,"Rendell, Ruth",2.33,,2.33,USD,,,,,2025-12-15T21:46:44.965467+00:00
abebooks,9780099784616,,"Rendell, Ruth",7.25,,7.25,USD,,,,,2025-12-15T21:46:44.965467+00:00
abebooks,9780099784616,,"Rendell, Ruth",3.08,,3.08,USD,,,,,2025-12-15T21:46:44.965467+00:00
abebooks,9780099784616,,"Rendell, Ruth:",1.55,,1.55,USD,,,,,2025-12-15T21:46:44.965467+00:00
abebooks,9780099784616,,"Rendell, Ruth",1.82,,1.82,USD,,,,,2025-12-15T21:46:44.965467+00:00
abebooks,9780099784616,,"Rendell, Ruth",4.53,,4.53,USD,,,,,2025-12-15T21:46:44.965467+00:00
abebooks,9780099784616,,"Rendell, Ruth",4.53,,4.53,USD,,,,,2025-12-15T21:46:44.965467+00:00
abebooks,9780099784616,,"Rendell, Ruth",26.67,,26.67,USD,,,,,2025-12-15T21:46:44.965467+00:00
abebooks,9781471198083,,Rachel Renee Russell,3.24,,3.24,USD,,,,,2025-12-15T21:46:47.413001+00:00
abebooks,9781594568572,,"Burroughs, E. R.",6.75,,6.75,USD,,,,,2025-12-15T21:46:54.083466+00:00
abebooks,9781594568572,,E.R.Burroughs,13.81,,13.81,USD,,,,,2025-12-15T21:46:54.083466+00:00
abebooks,9780831715595,,Mark Twain,19.99,,19.99,USD,,,,,2025-12-15T21:46:57.407491+00:00
abebooks,9780831715595,,"Twain, Mark",30.0,,30.0,USD,,,,,2025-12-15T21:46:57.407491+00:00
abebooks,9781138499003,,"Filimowicz, Michael (EDT) ; Tzankova, Veronika (EDT)",55.96,,55.96,USD,,,,,2025-12-15T21:47:07.050679+00:00
abebooks,9781138499003,,Michael Filimowicz,62.2,,62.2,USD,,,,,2025-12-15T21:47:07.050679+00:00
abebooks,9781138499003,,"Filimowicz, Michael (EDT) ; Tzankova, Veronika (EDT)",59.57,,59.57,USD,,,,,2025-12-15T21:47:07.050679+00:00
abebooks,9781138499003,,,59.54,,59.54,USD,,,,,2025-12-15T21:47:07.050679+00:00
abebooks,9781138499003,,,68.0,,68.0,USD,,,,,2025-12-15T21:47:07.050679+00:00
abebooks,9781138499003,,"Filimowicz, Michael (EDT) ; Tzankova, Veronika (EDT)",60.69,,60.69,USD,,,,,2025-12-15T21:47:07.050679+00:00
abebooks,9781138499003,,"Michael Filimowicz, Veronika Tzankova",65.66,,65.66,USD,,,,,2025-12-15T21:47:07.050679+00:00
abebooks,9781138499003,,Michael Filimowicz,67.64,,67.64,USD,,,,,2025-12-15T21:47:07.050679+00:00
abebooks,9781138499003,,"Filimowicz, Michael (EDT) ; Tzankova, Veronika (EDT)",67.63,,67.63,USD,,,,,2025-12-15T21:47:07.050679+00:00
abebooks,9781138499003,,"Filimowicz, Michael (Editor)/ Tzankova, Veronika (Editor)",90.81,,90.81,USD,,,,,2025-12-15T21:47:07.050679+00:00
abebooks,9781138499003,,Michael Filimowicz,93.7,,93.7,USD,,,,,2025-12-15T21:47:07.050679+00:00
abebooks,9781138499003,,"Filimowicz, Michael (Editor)/ Tzankova, Veronika (Editor)",59.7,,59.7,USD,,,,,2025-12-15T21:47:07.050679+00:00
abebooks,9781138499003,,,58.16,,58.16,USD,,,,,2025-12-15T21:47:07.050679+00:00
abebooks,9781138499003,,Michael Filimowicz (u. a.),81.42,,81.42,USD,,,,,2025-12-15T21:47:07.050679+00:00
abebooks,9781138499003,,Michael Filimowicz,95.22,,95.22,USD,,,,,2025-12-15T21:47:07.050679+00:00
abebooks,9780448024561,,"Thorup, Penny L., Little, Billie",13.98,,13.98,USD,,,,,2025-12-15T21:47:09.530044+00:00
abebooks,9780448024561,,Billie Little,13.98,,13.98,USD,,,,,2025-12-15T21:47:09.530044+00:00
abebooks,9780448024561,,"Billie Little, Penny L. Thorup",15.35,,15.35,USD,,,,,2025-12-15T21:47:09.530044+00:00
abebooks,9780448024561,,Billie Little and Penny L. Thorup,10.0,,10.0,USD,,,,,2025-12-15T21:47:09.530044+00:00
abebooks,9780448024561,,"Billie Little, Penny L. Thorup",19.95,,19.95,USD,,,,,2025-12-15T21:47:09.530044+00:00
abebooks,9780448024561,,Billie Little,21.0,,21.0,USD,,,,,2025-12-15T21:47:09.530044+00:00
abebooks,9781443457118,,"Brennan-Jobs, Lisa",37.56,,37.56,USD,,,,,2025-12-15T21:47:13.997953+00:00
abebooks,9781443457118,,"Brennan-Jobs, Lisa",36.15,,36.15,USD,,,,,2025-12-15T21:47:13.997953+00:00
abebooks,9781443457118,,"Brennan-Jobs, Lisa",40.2,,40.2,USD,,,,,2025-12-15T21:47:13.997953+00:00
abebooks,9780192828361,,"Dostoevsky, Fyodor, Freeborn, Richard",11.67,,11.67,USD,,,,,2025-12-15T21:47:22.198595+00:00
abebooks,9780192828361,,"Dostoevsky, F. M.",25.65,,25.65,USD,,,,,2025-12-15T21:47:22.198595+00:00
abebooks,9780192828361,,"Dostoevsky, Fyodor",101.11,,101.11,USD,,,,,2025-12-15T21:47:22.198595+00:00
abebooks,9789389432459,,Kenneth Grahame,13.85,,13.85,USD,,,,,2025-12-15T21:47:24.710175+00:00
abebooks,9789389432459,,"Grahame, Kenneth",9.87,,9.87,USD,,,,,2025-12-15T21:47:24.710175+00:00
abebooks,9789389432459,,Kenneth Grahame,2.93,,2.93,USD,,,,,2025-12-15T21:47:24.710175+00:00
abebooks,9789389432459,,Kenneth Grahame,18.93,,18.93,USD,,,,,2025-12-15T21:47:24.710175+00:00
abebooks,9789389432459,,Kenneth Grahame,18.81,,18.81,USD,,,,,2025-12-15T21:47:24.710175+00:00
abebooks,9781585103096,,"Shakespeare, William ; Muggli, Mark Z. (EDT)",12.04,,12.04,USD,,,,,2025-12-15T21:47:28.376235+00:00
abebooks,9781585103096,,"Shakespeare, William ; Muggli, Mark Z. (EDT)",13.18,,13.18,USD,,,,,2025-12-15T21:47:28.376235+00:00
abebooks,9781585103096,,William Shakespeare,15.83,,15.83,USD,,,,,2025-12-15T21:47:28.376235+00:00
abebooks,9781585103096,,William Shakespeare,18.23,,18.23,USD,,,,,2025-12-15T21:47:28.376235+00:00
abebooks,9781585103096,,William Shakespeare,14.94,,14.94,USD,,,,,2025-12-15T21:47:28.376235+00:00
abebooks,9781585103096,,William Shakespeare,15.5,,15.5,USD,,,,,2025-12-15T21:47:28.376235+00:00
abebooks,9781585103096,,Shakespeare William,21.44,,21.44,USD,,,,,2025-12-15T21:47:28.376235+00:00
abebooks,9781585103096,,William Shakespeare,21.24,,21.24,USD,,,,,2025-12-15T21:47:28.376235+00:00
abebooks,9781585103096,,"Shakespeare, William ; Muggli, Mark Z. (EDT)",13.89,,13.89,USD,,,,,2025-12-15T21:47:28.376235+00:00
abebooks,9781585103096,,William Shakespeare,18.07,,18.07,USD,,,,,2025-12-15T21:47:28.376235+00:00
abebooks,9781585103096,,"Shakespeare, William ; Muggli, Mark Z. (EDT)",16.34,,16.34,USD,,,,,2025-12-15T21:47:28.376235+00:00
abebooks,9781585103096,,William Shakespeare,28.94,,28.94,USD,,,,,2025-12-15T21:47:28.376235+00:00
abebooks,9781585103096,,"Shakespeare, William",19.93,,19.93,USD,,,,,2025-12-15T21:47:28.376235+00:00
abebooks,9781585103096,,William Shakespeare,22.81,,22.81,USD,,,,,2025-12-15T21:47:28.376235+00:00
abebooks,9781585103096,,William Shakespeare,13.9,,13.9,USD,,,,,2025-12-15T21:47:28.376235+00:00
abebooks,9781782640448,,"Lawhead, Stephen R",17.49,,17.49,USD,,,,,2025-12-15T21:47:35.525690+00:00
abebooks,9781782640448,,Stephen R. Lawhead,21.48,,21.48,USD,,,,,2025-12-15T21:47:35.525690+00:00
abebooks,9781782640448,,Stephen R Lawhead,43.26,,43.26,USD,,,,,2025-12-15T21:47:35.525690+00:00
abebooks,9783842410466,,"Pr Vost, Abb ; Prevost, Abbe",24.1,,24.1,USD,,,,,2025-12-15T21:47:36.787051+00:00
abebooks,9783842410466,,"Abbï¿½ Prï¿½vost, bearbeitet von Carl Fischer",18.83,,18.83,USD,,,,,2025-12-15T21:47:36.787051+00:00
abebooks,9783842410466,,Abbé Prévost,15.6,,15.6,USD,,,,,2025-12-15T21:47:36.787051+00:00
abebooks,9783842410466,,Abbé Prévost,15.6,,15.6,USD,,,,,2025-12-15T21:47:36.787051+00:00
abebooks,9783842410466,,"Pr Vost, Abb ; Prevost, Abbe",25.25,,25.25,USD,,,,,2025-12-15T21:47:36.787051+00:00
abebooks,9783842410466,,"Pr Vost, Abb ; Prevost, Abbe",23.74,,23.74,USD,,,,,2025-12-15T21:47:36.787051+00:00
abebooks,9783842410466,,Abbé Prévost,15.6,,15.6,USD,,,,,2025-12-15T21:47:36.787051+00:00
abebooks,9781854371287,,-,9.7,,9.7,USD,,,,,2025-12-15T21:47:42.065771+00:00
abebooks,9781854371287,,"Biggs, Lewis ; McGonagle, Declan ; Bann, Stephen",9.64,,9.64,USD,,,,,2025-12-15T21:47:42.065771+00:00
abebooks,9781854371287,,"Biggs, Lewis ; McGonagle, Declan ; Bann, Stephen",13.77,,13.77,USD,,,,,2025-12-15T21:47:42.065771+00:00
abebooks,9781854371287,,-,26.24,,26.24,USD,,,,,2025-12-15T21:47:42.065771+00:00
abebooks,9781854371287,,"Gormley, Antony and Lewis Biggs, Declan McGonagle, Stephen Bann",35.0,,35.0,USD,,,,,2025-12-15T21:47:42.065771+00:00
abebooks,9781854371287,,"Gormley, Antony",22.95,,22.95,USD,,,,,2025-12-15T21:47:42.065771+00:00
abebooks,9781854371287,,"GORMLEY, Antony, Lewis Biggs, Declan McGonagle, and Stephen Bann",35.0,,35.0,USD,,,,,2025-12-15T21:47:42.065771+00:00
abebooks,9781854371287,,"Biggs, Lewis ; McGonagle, Declan ; Bann, Stephen",49.5,,49.5,USD,,,,,2025-12-15T21:47:42.065771+00:00
abebooks,9781854371287,,Sune Nordgren ; Lewis Biggs & Declan McGonagle (preface),13.3,,13.3,USD,,,,,2025-12-15T21:47:42.065771+00:00
abebooks,9781854371287,,"Biggs, Lewis ; McGonagle, Declan ; Bann, Stephen",12.39,,12.39,USD,,,,,2025-12-15T21:47:42.065771+00:00
abebooks,9781556652479,,"Revised Psalms Rev. Daniel E. Pilarczyk,",4.4,,4.4,USD,,,,,2025-12-15T21:47:46.755165+00:00
abebooks,9781556652479,,"Revised Psalms Rev. Daniel E. Pilarczyk,",4.4,,4.4,USD,,,,,2025-12-15T21:47:46.755165+00:00
abebooks,9781556652479,,"Revised Psalms Rev. Daniel E. Pilarczyk,",4.42,,4.42,USD,,,,,2025-12-15T21:47:46.755165+00:00
abebooks,9781556652479,,"Revised Psalms Rev. Daniel E. Pilarczyk,",5.99,,5.99,USD,,,,,2025-12-15T21:47:46.755165+00:00
abebooks,9781556652479,,"Revised Psalms Rev. Daniel E. Pilarczyk,",2.5,,2.5,USD,,,,,2025-12-15T21:47:46.755165+00:00
abebooks,9781556652479,,Revised Psalms Rev. Daniel E. Pilarczyk,6.48,,6.48,USD,,,,,2025-12-15T21:47:46.755165+00:00
abebooks,9781556652479,,Revised Psalms Rev. Daniel E. Pilarczyk,6.48,,6.48,USD,,,,,2025-12-15T21:47:46.755165+00:00
abebooks,9781556652479,,"Revised Psalms Rev. Daniel E. Pilarczyk,",2.92,,2.92,USD,,,,,2025-12-15T21:47:46.755165+00:00
abebooks,9781556652479,,"Revised Psalms Rev. Daniel E. Pilarczyk,",2.92,,2.92,USD,,,,,2025-12-15T21:47:46.755165+00:00
abebooks,9781556652479,,"Revised Psalms Rev. Daniel E. Pilarczyk,",7.52,,7.52,USD,,,,,2025-12-15T21:47:46.755165+00:00
abebooks,9781556652479,,"Revised Psalms Rev. Daniel E. Pilarczyk,",5.5,,5.5,USD,,,,,2025-12-15T21:47:46.755165+00:00
abebooks,9781556652479,,"Revised Psalms Rev. Daniel E. Pilarczyk,",95.98,,95.98,USD,,,,,2025-12-15T21:47:46.755165+00:00
abebooks,9781983422942,,"Chesterton, G. K.",9.76,,9.76,USD,,,,,2025-12-15T21:47:50.103113+00:00
abebooks,9781983422942,,"Chesterton, G. K.",11.35,,11.35,USD,,,,,2025-12-15T21:47:50.103113+00:00
abebooks,9781983422942,,"Chesterton, G. K.",16.21,,16.21,USD,,,,,2025-12-15T21:47:50.103113+00:00
abebooks,9781983422942,,"Chesterton, G. K.",17.1,,17.1,USD,,,,,2025-12-15T21:47:50.103113+00:00
abebooks,9781983422942,,"Chesterton, Gilbert K.",14.0,,14.0,USD,,,,,2025-12-15T21:47:50.103113+00:00
abebooks,9781983422942,,Gilbert K Chesterton,17.06,,17.06,USD,,,,,2025-12-15T21:47:50.103113+00:00
abebooks,9781983422942,,Gilbert K. Chesterton,19.94,,19.94,USD,,,,,2025-12-15T21:47:50.103113+00:00
abebooks,9780679451969,,"MacDonald, Ross",5.0,,5.0,USD,,,,,2025-12-15T21:47:51.371096+00:00
abebooks,9781859581827,,"Lang, Andrew",5.0,,5.0,USD,,,,,2025-12-15T21:47:53.335012+00:00
abebooks,9781859581827,,"Lang, Andrew",3.03,,3.03,USD,,,,,2025-12-15T21:47:53.335012+00:00
abebooks,9781859581827,,"Lang, Andrew",10.0,,10.0,USD,,,,,2025-12-15T21:47:53.335012+00:00
abebooks,9781859581827,,Andrew Lang,13.74,,13.74,USD,,,,,2025-12-15T21:47:53.335012+00:00
abebooks,9781859581827,,Andrew Lang,9.99,,9.99,USD,,,,,2025-12-15T21:47:53.335012+00:00
abebooks,9781859581827,,Andrew Lang,13.74,,13.74,USD,,,,,2025-12-15T21:47:53.335012+00:00
abebooks,9781859581827,,"Lang, Andrew",4.83,,4.83,USD,,,,,2025-12-15T21:47:53.335012+00:00
abebooks,9781859581827,,"LANG, Andrew",30.0,,30.0,USD,,,,,2025-12-15T21:47:53.335012+00:00
abebooks,9781859581827,,"Lang, A.",34.78,,34.78,USD,,,,,2025-12-15T21:47:53.335012+00:00
abebooks,9781859581827,,"Lang, Andrew",40.95,,40.95,USD,,,,,2025-12-15T21:47:53.335012+00:00
abebooks,9781859581827,,Andrew Lang.,58.15,,58.15,USD,,,,,2025-12-15T21:47:53.335012+00:00
abebooks,9781859581827,,"Lang, Andrew:",18.13,,18.13,USD,,,,,2025-12-15T21:47:53.335012+00:00
abebooks,9788493303648,,"Kahlo, Frida",33.12,,33.12,USD,,,,,2025-12-15T21:47:56.626908+00:00
abebooks,9783462029734,,"DeLillo, Don:",4.84,,4.84,USD,,,,,2025-12-15T21:48:04.583720+00:00
abebooks,9783462029734,,"DeLillo, Don:",7.25,,7.25,USD,,,,,2025-12-15T21:48:04.583720+00:00
abebooks,9783462029734,,Don DeLillo,4.82,,4.82,USD,,,,,2025-12-15T21:48:04.583720+00:00
abebooks,9783462029734,,"DeLillo, Don:",9.07,,9.07,USD,,,,,2025-12-15T21:48:04.583720+00:00
abebooks,9783462029734,,"DeLillo, Don, Heibert, Frank",7.14,,7.14,USD,,,,,2025-12-15T21:48:04.583720+00:00
abebooks,9783462029734,,"Delillo, Don.",6.09,,6.09,USD,,,,,2025-12-15T21:48:04.583720+00:00
abebooks,9783462029734,,"DeLillo, Don",6.53,,6.53,USD,,,,,2025-12-15T21:48:04.583720+00:00
abebooks,9783462029734,,"Delillo, Don und Frank Heibert:",7.61,,7.61,USD,,,,,2025-12-15T21:48:04.583720+00:00
abebooks,9783462029734,,"DeLillo, Don",4.84,,4.84,USD,,,,,2025-12-15T21:48:04.583720+00:00
abebooks,9783462029734,,"DeLillo, Don:",4.84,,4.84,USD,,,,,2025-12-15T21:48:04.583720+00:00
abebooks,9783462029734,,"DeLillo, Don:",6.04,,6.04,USD,,,,,2025-12-15T21:48:04.583720+00:00
abebooks,9783462029734,,"DeLillo, Don und Frank Heibert:",8.43,,8.43,USD,,,,,2025-12-15T21:48:04.583720+00:00
abebooks,9783462029734,,"DeLillo, Don",9.55,,9.55,USD,,,,,2025-12-15T21:48:04.583720+00:00
abebooks,9783462029734,,Don DeLillo,18.74,,18.74,USD,,,,,2025-12-15T21:48:04.583720+00:00
abebooks,9783462029734,,"DeLillo, Don:",7.25,,7.25,USD,,,,,2025-12-15T21:48:04.583720+00:00
abebooks,9783462029734,,"DeLillo, Don",19.34,,19.34,USD,,,,,2025-12-15T21:48:04.583720+00:00
abebooks,9783462029734,,"DeLillo, Don, Heibert, Frank",3.08,,3.08,USD,,,,,2025-12-15T21:48:04.583720+00:00
abebooks,9783462029734,,Don DeLillo,18.74,,18.74,USD,,,,,2025-12-15T21:48:04.583720+00:00
abebooks,9783462029734,,Don DeLillo,18.74,,18.74,USD,,,,,2025-12-15T21:48:04.583720+00:00
abebooks,9783462029734,,"DeLillo, Don und Frank Heibert:",18.74,,18.74,USD,,,,,2025-12-15T21:48:04.583720+00:00
abebooks,9783462029734,,"DeLillo, Don, Lillo, Don de",5.93,,5.93,USD,,,,,2025-12-15T21:48:04.583720+00:00
abebooks,9783462029734,,"DeLillo, Don, Lillo, Don de",6.31,,6.31,USD,,,,,2025-12-15T21:48:04.583720+00:00
abebooks,9783462029734,,"DeLillo, Don, Lillo, Don de",6.67,,6.67,USD,,,,,2025-12-15T21:48:04.583720+00:00
abebooks,9783462029734,Save 10%,Don DeLillo,10.33,,10.33,USD,,,,https://www.abebooks.com/K%C3%B6rperzeit-Don-DeLillo-Kiepenheuer-Witsch-GmbH/31844706774/bd,2025-12-15T21:48:04.583720+00:00
abebooks,9781987433531,,George Eliot,11.86,,11.86,USD,,,,,2025-12-15T21:48:05.959391+00:00
abebooks,9781987433531,,George Eliot,17.89,,17.89,USD,,,,,2025-12-15T21:48:05.959391+00:00
abebooks,9781976023705,,"Bronte, Charlotte",47.01,,47.01,USD,,,,,2025-12-15T21:48:34.856672+00:00
abebooks,9781600966477,,"Haggard, Sir H Rider",34.93,,34.93,USD,,,,,2025-12-15T21:48:50.585770+00:00
abebooks,9781368024068,,Rick Riordan,1.57,,1.57,USD,,,,,2025-12-15T21:49:23.914973+00:00
abebooks,9781368024068,,Rick Riordan,6.05,,6.05,USD,,,,,2025-12-15T21:49:23.914973+00:00
abebooks,9781368024068,,Rick Riordan,6.09,,6.09,USD,,,,,2025-12-15T21:49:23.914973+00:00
abebooks,9781368024068,,Rick Riordan,6.09,,6.09,USD,,,,,2025-12-15T21:49:23.914973+00:00
abebooks,9781368024068,,Rick Riordan,6.09,,6.09,USD,,,,,2025-12-15T21:49:23.914973+00:00
abebooks,9781368024068,,Rick Riordan,6.47,,6.47,USD,,,,,2025-12-15T21:49:23.914973+00:00
abebooks,9781368024068,,RICK RIORDAN,7.05,,7.05,USD,,,,,2025-12-15T21:49:23.914973+00:00
abebooks,9781368024068,,RICK RIORDAN,7.05,,7.05,USD,,,,,2025-12-15T21:49:23.914973+00:00
abebooks,9781368024068,,RICK RIORDAN,7.05,,7.05,USD,,,,,2025-12-15T21:49:23.914973+00:00
abebooks,9781368024068,,Rick Riordan,7.16,,7.16,USD,,,,,2025-12-15T21:49:23.914973+00:00
abebooks,9781368024068,,Rick Riordan,7.16,,7.16,USD,,,,,2025-12-15T21:49:23.914973+00:00
abebooks,9781368024068,,Rick Riordan,7.16,,7.16,USD,,,,,2025-12-15T21:49:23.914973+00:00
abebooks,9781368024068,,Rick Riordan,4.74,,4.74,USD,,,,,2025-12-15T21:49:23.914973+00:00
abebooks,9781368024068,,Rick Riordan,5.0,,5.0,USD,,,,,2025-12-15T21:49:23.914973+00:00
abebooks,9781368024068,,Rick Riordan,5.0,,5.0,USD,,,,,2025-12-15T21:49:23.914973+00:00
abebooks,9781368024068,,Rick Riordan,9.01,,9.01,USD,,,,,2025-12-15T21:49:23.914973+00:00
abebooks,9781368024068,,Rick Riordan,6.17,,6.17,USD,,,,,2025-12-15T21:49:23.914973+00:00
abebooks,9781368024068,,"Riordan, Rick",12.0,,12.0,USD,,,,,2025-12-15T21:49:23.914973+00:00
abebooks,9781368024068,,Rick Riordan,25.07,,25.07,USD,,,,,2025-12-15T21:49:23.914973+00:00
abebooks,9781368024068,,Rick Riordan,27.23,,27.23,USD,,,,,2025-12-15T21:49:23.914973+00:00
abebooks,9781368024068,,Rick Riordan,125.0,,125.0,USD,,,,,2025-12-15T21:49:23.914973+00:00
abebooks,9781368024068,,Rick Riordan,125.0,,125.0,USD,,,,,2025-12-15T21:49:23.914973+00:00
abebooks,9781529043280,,"Herriot, James",8.37,,8.37,USD,,,,,2025-12-15T21:49:28.660521+00:00
abebooks,9781529043280,,James Herriot,8.39,,8.39,USD,,,,,2025-12-15T21:49:28.660521+00:00
abebooks,9781529043280,,"Herriot, James",10.0,,10.0,USD,,,,,2025-12-15T21:49:28.660521+00:00
abebooks,9781529043280,,James Herriot,4.53,,4.53,USD,,,,,2025-12-15T21:49:28.660521+00:00
abebooks,9781529043280,,James Herriot,4.53,,4.53,USD,,,,,2025-12-15T21:49:28.660521+00:00
abebooks,9781529043280,,"Herriot, James",6.1,,6.1,USD,,,,,2025-12-15T21:49:28.660521+00:00
abebooks,9781529043280,,James Herriot,18.26,,18.26,USD,,,,,2025-12-15T21:49:28.660521+00:00
abebooks,9781529043280,,"Herriot, James",24.99,,24.99,USD,,,,,2025-12-15T21:49:28.660521+00:00
abebooks,9781529043280,,"Herriot, James",66.3,,66.3,USD,,,,,2025-12-15T21:49:28.660521+00:00
abebooks,9780060248840,,"Locker, Thomas ; Christiansen, Candace",6.47,,6.47,USD,,,,,2025-12-15T21:49:41.600142+00:00
abebooks,9780060248840,,"Locker, Thomas",6.47,,6.47,USD,,,,,2025-12-15T21:49:41.600142+00:00
abebooks,9780060248840,,"Locker, Thomas",6.47,,6.47,USD,,,,,2025-12-15T21:49:41.600142+00:00
abebooks,9780060248840,,Thomas Locker ; Candace Christiansen,11.18,,11.18,USD,,,,,2025-12-15T21:49:41.600142+00:00
abebooks,9780060248840,,Thomas Locker ; Candace Christiansen,11.18,,11.18,USD,,,,,2025-12-15T21:49:41.600142+00:00
abebooks,9780060248840,,Thomas Locker ; Candace Christiansen,11.18,,11.18,USD,,,,,2025-12-15T21:49:41.600142+00:00
abebooks,9780060248840,,"Locker, Thomas ; Christiansen, Candace",8.2,,8.2,USD,,,,,2025-12-15T21:49:41.600142+00:00
abebooks,9780393966275,,"Keeton, William T, and Gould, James L",82.65,,82.65,USD,,,,,2025-12-15T21:49:59.118923+00:00
abebooks,9783775716161,,"Hirsch, Vanessa,Worm, Thomas",21.68,,21.68,USD,,,,,2025-12-15T21:50:15.644315+00:00
abebooks,9783775716161,,"Hirsch, Vanessa ; Worm, Thomas",30.0,,30.0,USD,,,,,2025-12-15T21:50:15.644315+00:00
abebooks,9783775716161,,"Eliasson, Olafur",21.76,,21.76,USD,,,,,2025-12-15T21:50:15.644315+00:00
abebooks,9783775716161,,[Olafur Eliasson] Astrid Jentsch (editor),45.0,,45.0,USD,,,,,2025-12-15T21:50:15.644315+00:00
abebooks,9783775716161,,"Hirsch, Vanessa ; Worm, Thomas",11.75,,11.75,USD,,,,,2025-12-15T21:50:15.644315+00:00
abebooks,9783775716161,,"Worm, Thomas und Friedrich Meschede:",18.74,,18.74,USD,,,,,2025-12-15T21:50:15.644315+00:00
abebooks,9782809803464,,"James Patterson, Martin Dugard et Maryline Beury",3.63,,3.63,USD,,,,,2025-12-15T21:50:29.833321+00:00
abebooks,9782809803464,,"James Patterson, Martin Dugard et Maryline Beury",3.63,,3.63,USD,,,,,2025-12-15T21:50:29.833321+00:00
abebooks,9782809803464,,"James Patterson, Martin Dugard et Maryline Beury",3.63,,3.63,USD,,,,,2025-12-15T21:50:29.833321+00:00
abebooks,9782809803464,,"James Patterson, Martin Dugard et Maryline Beury",3.63,,3.63,USD,,,,,2025-12-15T21:50:29.833321+00:00
abebooks,9782809803464,,"Patterson, James ; Dugard, Martin",5.41,,5.41,USD,,,,,2025-12-15T21:50:29.833321+00:00
abebooks,9782809803464,,"Patterson, James ; Dugard, Martin",6.04,,6.04,USD,,,,,2025-12-15T21:50:29.833321+00:00
abebooks,9782809803464,,James Patterson,7.84,,7.84,USD,,,,,2025-12-15T21:50:29.833321+00:00
abebooks,9782809803464,,"James Patterson, Martin Dugard",7.89,,7.89,USD,,,,,2025-12-15T21:50:29.833321+00:00
abebooks,9781796911848,Save 10%,Leo Tolstoy,14.81,,14.81,USD,,,,https://www.abebooks.com/Childhood-Leo-Tolstoy-INDEPENDENTLY-PUBLISHED/31841977250/bd,2025-12-15T21:52:23.034527+00:00
